--
--
-- ESIS
--
-- Copyright (c) 2004-2008 Entelience SARL,  Copyright (c) 2008-2009 Equity SA
--
-- Projects contributors : Philippe Le Berre, Thomas Burdairon, Benjamin Baudel,
--                         Benjamin S. Gould, Diego Patinos Ramos, Constantin Cornelie
-- 
-- 
-- This file is part of ESIS.
-- 
-- ESIS is free software: you can redistribute it and/or modify
-- it under the terms of the GNU General Public License as published by
-- the Free Software Foundation version 3 of the License.
-- 
-- ESIS is distributed in the hope that it will be useful,
-- but WITHOUT ANY WARRANTY; without even the implied warranty of
-- MERCHANTABILITY or FITNESS FOR A PARTICULAR PURPOSE.  See the
-- GNU General Public License for more details.
-- 
-- You should have received a copy of the GNU General Public License
-- along with ESIS.  If not, see <http://www.gnu.org/licenses/>.
--
-- $Id: mimetype_schema.sql 11 2009-07-07 15:02:53Z tburdairon $
--
--


--
-- Mime categories as per the IANA.org
--
-- http://www.iana.org/assignments/media-types/
--
CREATE TABLE e_mime_category (
		category_id int ,
		category	text NOT NULL,
		PRIMARY KEY(category_id)
		);
CREATE UNIQUE INDEX e_mime_category_category ON e_mime_category (category);

INSERT INTO e_mime_category VALUES (1,'application');
INSERT INTO e_mime_category VALUES (2,'video');
INSERT INTO e_mime_category VALUES (3,'audio');
INSERT INTO e_mime_category VALUES (4,'image');
INSERT INTO e_mime_category VALUES (5,'message');
INSERT INTO e_mime_category VALUES (6,'model');
INSERT INTO e_mime_category VALUES (7,'multipart');
INSERT INTO e_mime_category VALUES (8,'text');

-- non official categories
INSERT INTO e_mime_category VALUES (9,'x-world');  -- vrml
INSERT INTO e_mime_category VALUES (99,'x-unknown'); -- for the future ... 


--
-- categories aliases
--
CREATE TABLE e_mime_category_alias(
	category	text,
	cat_alias	text
,	PRIMARY KEY (cat_alias)
);
INSERT INTO e_mime_category_alias(category, cat_alias) VALUES ('image', 'img');
INSERT INTO e_mime_category_alias(category, cat_alias) VALUES ('image', 'images');
INSERT INTO e_mime_category_alias(category, cat_alias) VALUES ('application', 'app');
INSERT INTO e_mime_category_alias(category, cat_alias) VALUES ('application', 'octet');
INSERT INTO e_mime_category_alias(category, cat_alias) VALUES ('application', 'flv-application');
INSERT INTO e_mime_category_alias(category, cat_alias) VALUES ('application', 'x-application');

--
-- Mime types as registered with IANA.org
--
CREATE SEQUENCE e_mime_type_serial  START 1000; 
--new mime types from probes start at 1000 to avoid collision with our prefilled data

CREATE TABLE e_mime_type (
		mime_id		int DEFAULT nextval('e_mime_type_serial'),
		mime		text NOT NULL,
		category_id	int  REFERENCES e_mime_category,
		hidden		boolean NOT NULL DEFAULT false,
		PRIMARY KEY(mime_id)
		);
CREATE UNIQUE INDEX e_mime_type_name_cat ON e_mime_type (mime, category_id);

INSERT INTO e_mime_type (mime_id, mime, category_id) VALUES (0,'x-unknown',99); -- Unknown is 0 
INSERT INTO e_mime_type (mime_id, mime, category_id) VALUES (1,'3gpp',2);
INSERT INTO e_mime_type (mime_id, mime, category_id) VALUES (2,'3gpp2',2);
INSERT INTO e_mime_type (mime_id, mime, category_id) VALUES (3,'3gpp-tt',2);
INSERT INTO e_mime_type (mime_id, mime, category_id) VALUES (4,'BMPEG',2);
INSERT INTO e_mime_type (mime_id, mime, category_id) VALUES (5,'BT656',2);
INSERT INTO e_mime_type (mime_id, mime, category_id) VALUES (6,'CelB',2);
INSERT INTO e_mime_type (mime_id, mime, category_id) VALUES (7,'DV',2);
INSERT INTO e_mime_type (mime_id, mime, category_id) VALUES (8,'H261',2);
INSERT INTO e_mime_type (mime_id, mime, category_id) VALUES (9,'H263',2);
INSERT INTO e_mime_type (mime_id, mime, category_id) VALUES (10,'H263-1998',2);
INSERT INTO e_mime_type (mime_id, mime, category_id) VALUES (11,'H263-2000',2);
INSERT INTO e_mime_type (mime_id, mime, category_id) VALUES (12,'H264',2);
INSERT INTO e_mime_type (mime_id, mime, category_id) VALUES (13,'JPEG',2);
INSERT INTO e_mime_type (mime_id, mime, category_id) VALUES (14,'MJ2',2);
INSERT INTO e_mime_type (mime_id, mime, category_id) VALUES (15,'MP1S',2);
INSERT INTO e_mime_type (mime_id, mime, category_id) VALUES (16,'MP2P',2);
INSERT INTO e_mime_type (mime_id, mime, category_id) VALUES (17,'MP2T',2);
INSERT INTO e_mime_type (mime_id, mime, category_id) VALUES (18,'mp4',2);
INSERT INTO e_mime_type (mime_id, mime, category_id) VALUES (19,'MP4V-ES',2);
INSERT INTO e_mime_type (mime_id, mime, category_id) VALUES (20,'MPV',2);
INSERT INTO e_mime_type (mime_id, mime, category_id) VALUES (21,'mpeg',2);
INSERT INTO e_mime_type (mime_id, mime, category_id) VALUES (22,'mpeg4-generic',2);
INSERT INTO e_mime_type (mime_id, mime, category_id) VALUES (23,'nv',2);
INSERT INTO e_mime_type (mime_id, mime, category_id) VALUES (24,'parityfec',2);
INSERT INTO e_mime_type (mime_id, mime, category_id) VALUES (25,'pointer',2);
INSERT INTO e_mime_type (mime_id, mime, category_id) VALUES (26,'quicktime',2);
INSERT INTO e_mime_type (mime_id, mime, category_id) VALUES (27,'raw',2);
INSERT INTO e_mime_type (mime_id, mime, category_id) VALUES (28,'rtx',2);
INSERT INTO e_mime_type (mime_id, mime, category_id) VALUES (29,'SMPTE292M',2);
INSERT INTO e_mime_type (mime_id, mime, category_id) VALUES (30,'vnd.dlna.mpeg-tts',2);
INSERT INTO e_mime_type (mime_id, mime, category_id) VALUES (31,'vnd.fvt',2);
INSERT INTO e_mime_type (mime_id, mime, category_id) VALUES (32,'vnd.motorola.video',2);
INSERT INTO e_mime_type (mime_id, mime, category_id) VALUES (33,'vnd.motorola.videop',2);
INSERT INTO e_mime_type (mime_id, mime, category_id) VALUES (34,'vnd.mpegurl',2);
INSERT INTO e_mime_type (mime_id, mime, category_id) VALUES (35,'vnd.nokia.interleaved-multimedia',2);
INSERT INTO e_mime_type (mime_id, mime, category_id) VALUES (36,'vnd.objectvideo',2);
INSERT INTO e_mime_type (mime_id, mime, category_id) VALUES (37,'vnd.sealed.mpeg1',2);
INSERT INTO e_mime_type (mime_id, mime, category_id) VALUES (38,'vnd.sealed.mpeg4',2);
INSERT INTO e_mime_type (mime_id, mime, category_id) VALUES (39,'vnd.sealed.swf',2);
INSERT INTO e_mime_type (mime_id, mime, category_id) VALUES (40,'vnd.sealedmedia.softseal.mov',2);
INSERT INTO e_mime_type (mime_id, mime, category_id) VALUES (41,'vnd.vivo',2);
INSERT INTO e_mime_type (mime_id, mime, category_id) VALUES (42,'calendar',8);
INSERT INTO e_mime_type (mime_id, mime, category_id) VALUES (43,'css',8);
INSERT INTO e_mime_type (mime_id, mime, category_id) VALUES (44,'csv',8);
INSERT INTO e_mime_type (mime_id, mime, category_id) VALUES (45,'directory',8);
INSERT INTO e_mime_type (mime_id, mime, category_id) VALUES (46,'dns',8);
INSERT INTO e_mime_type (mime_id, mime, category_id) VALUES (47,'ecmascript (obsolete)',8);
INSERT INTO e_mime_type (mime_id, mime, category_id) VALUES (48,'enriched',8);
INSERT INTO e_mime_type (mime_id, mime, category_id) VALUES (49,'html',8);
INSERT INTO e_mime_type (mime_id, mime, category_id) VALUES (50,'javascript (obsolete)',8);
INSERT INTO e_mime_type (mime_id, mime, category_id) VALUES (51,'parityfec',8);
INSERT INTO e_mime_type (mime_id, mime, category_id) VALUES (52,'plain',8);
INSERT INTO e_mime_type (mime_id, mime, category_id) VALUES (53,'prs.fallenstein.rst',8);
INSERT INTO e_mime_type (mime_id, mime, category_id) VALUES (54,'prs.lines.tag',8);
INSERT INTO e_mime_type (mime_id, mime, category_id) VALUES (55,'RED',8);
INSERT INTO e_mime_type (mime_id, mime, category_id) VALUES (56,'rfc822-headers',8);
INSERT INTO e_mime_type (mime_id, mime, category_id) VALUES (57,'richtext',8);
INSERT INTO e_mime_type (mime_id, mime, category_id) VALUES (58,'rtf',8);
INSERT INTO e_mime_type (mime_id, mime, category_id) VALUES (59,'rtx',8);
INSERT INTO e_mime_type (mime_id, mime, category_id) VALUES (60,'sgml',8);
INSERT INTO e_mime_type (mime_id, mime, category_id) VALUES (61,'t140',8);
INSERT INTO e_mime_type (mime_id, mime, category_id) VALUES (62,'tab-separated-values',8);
INSERT INTO e_mime_type (mime_id, mime, category_id) VALUES (63,'troff',8);
INSERT INTO e_mime_type (mime_id, mime, category_id) VALUES (64,'uri-list',8);
INSERT INTO e_mime_type (mime_id, mime, category_id) VALUES (65,'vnd.abc',8);
INSERT INTO e_mime_type (mime_id, mime, category_id) VALUES (66,'vnd.curl',8);
INSERT INTO e_mime_type (mime_id, mime, category_id) VALUES (67,'vnd.DMClientScript',8);
INSERT INTO e_mime_type (mime_id, mime, category_id) VALUES (68,'vnd.esmertec.theme-descriptor',8);
INSERT INTO e_mime_type (mime_id, mime, category_id) VALUES (69,'vnd.fly',8);
INSERT INTO e_mime_type (mime_id, mime, category_id) VALUES (70,'vnd.fmi.flexstor',8);
INSERT INTO e_mime_type (mime_id, mime, category_id) VALUES (71,'vnd.in3d.3dml',8);
INSERT INTO e_mime_type (mime_id, mime, category_id) VALUES (72,'vnd.in3d.spot',8);
INSERT INTO e_mime_type (mime_id, mime, category_id) VALUES (73,'vnd.IPTC.NewsML',8);
INSERT INTO e_mime_type (mime_id, mime, category_id) VALUES (74,'vnd.IPTC.NITF',8);
INSERT INTO e_mime_type (mime_id, mime, category_id) VALUES (75,'vnd.latex-z',8);
INSERT INTO e_mime_type (mime_id, mime, category_id) VALUES (76,'vnd.motorola.reflex',8);
INSERT INTO e_mime_type (mime_id, mime, category_id) VALUES (77,'vnd.ms-mediapackage',8);
INSERT INTO e_mime_type (mime_id, mime, category_id) VALUES (78,'vnd.net2phone.commcenter.command',8);
INSERT INTO e_mime_type (mime_id, mime, category_id) VALUES (79,'vnd.sun.j2me.app-descriptor',8);
INSERT INTO e_mime_type (mime_id, mime, category_id) VALUES (80,'vnd.wap.si',8);
INSERT INTO e_mime_type (mime_id, mime, category_id) VALUES (81,'vnd.wap.sl',8);
INSERT INTO e_mime_type (mime_id, mime, category_id) VALUES (82,'vnd.wap.wml',8);
INSERT INTO e_mime_type (mime_id, mime, category_id) VALUES (83,'vnd.wap.wmlscript',8);
INSERT INTO e_mime_type (mime_id, mime, category_id) VALUES (84,'xml',8);
INSERT INTO e_mime_type (mime_id, mime, category_id) VALUES (85,'xml-external-parsed-entity',8);
INSERT INTO e_mime_type (mime_id, mime, category_id) VALUES (86,'alternative',7);
INSERT INTO e_mime_type (mime_id, mime, category_id) VALUES (87,'appledouble',7);
INSERT INTO e_mime_type (mime_id, mime, category_id) VALUES (88,'byteranges',7);
INSERT INTO e_mime_type (mime_id, mime, category_id) VALUES (89,'digest',7);
INSERT INTO e_mime_type (mime_id, mime, category_id) VALUES (90,'encrypted',7);
INSERT INTO e_mime_type (mime_id, mime, category_id) VALUES (91,'form-data',7);
INSERT INTO e_mime_type (mime_id, mime, category_id) VALUES (92,'header-set',7);
INSERT INTO e_mime_type (mime_id, mime, category_id) VALUES (93,'mixed',7);
INSERT INTO e_mime_type (mime_id, mime, category_id) VALUES (94,'parallel',7);
INSERT INTO e_mime_type (mime_id, mime, category_id) VALUES (95,'related',7);
INSERT INTO e_mime_type (mime_id, mime, category_id) VALUES (96,'report',7);
INSERT INTO e_mime_type (mime_id, mime, category_id) VALUES (97,'signed',7);
INSERT INTO e_mime_type (mime_id, mime, category_id) VALUES (98,'voice-message',7);
INSERT INTO e_mime_type (mime_id, mime, category_id) VALUES (99,'iges',6);
INSERT INTO e_mime_type (mime_id, mime, category_id) VALUES (100,'mesh',6);
INSERT INTO e_mime_type (mime_id, mime, category_id) VALUES (101,'vnd.dwf',6);
INSERT INTO e_mime_type (mime_id, mime, category_id) VALUES (102,'vnd.flatland.3dml',6);
INSERT INTO e_mime_type (mime_id, mime, category_id) VALUES (103,'vnd.gdl',6);
INSERT INTO e_mime_type (mime_id, mime, category_id) VALUES (104,'vnd.gs-gdl',6);
INSERT INTO e_mime_type (mime_id, mime, category_id) VALUES (105,'vnd.gtw',6);
INSERT INTO e_mime_type (mime_id, mime, category_id) VALUES (106,'vnd.mts',6);
INSERT INTO e_mime_type (mime_id, mime, category_id) VALUES (107,'vnd.parasolid.transmit.binary',6);
INSERT INTO e_mime_type (mime_id, mime, category_id) VALUES (108,'vnd.parasolid.transmit.text',6);
INSERT INTO e_mime_type (mime_id, mime, category_id) VALUES (109,'vnd.vtu',6);
INSERT INTO e_mime_type (mime_id, mime, category_id) VALUES (110,'vrml',6);
INSERT INTO e_mime_type (mime_id, mime, category_id) VALUES (111,'CPIM',5);
INSERT INTO e_mime_type (mime_id, mime, category_id) VALUES (112,'delivery-status',5);
INSERT INTO e_mime_type (mime_id, mime, category_id) VALUES (113,'disposition-notification',5);
INSERT INTO e_mime_type (mime_id, mime, category_id) VALUES (114,'external-body',5);
INSERT INTO e_mime_type (mime_id, mime, category_id) VALUES (115,'http',5);
INSERT INTO e_mime_type (mime_id, mime, category_id) VALUES (116,'news',5);
INSERT INTO e_mime_type (mime_id, mime, category_id) VALUES (117,'partial',5);
INSERT INTO e_mime_type (mime_id, mime, category_id) VALUES (118,'rfc822',5);
INSERT INTO e_mime_type (mime_id, mime, category_id) VALUES (119,'s-http',5);
INSERT INTO e_mime_type (mime_id, mime, category_id) VALUES (120,'sip',5);
INSERT INTO e_mime_type (mime_id, mime, category_id) VALUES (121,'sipfrag',5);
INSERT INTO e_mime_type (mime_id, mime, category_id) VALUES (122,'tracking-status',5);
INSERT INTO e_mime_type (mime_id, mime, category_id) VALUES (123,'cgm',4);
INSERT INTO e_mime_type (mime_id, mime, category_id) VALUES (124,'fits',4);
INSERT INTO e_mime_type (mime_id, mime, category_id) VALUES (125,'g3fax',4);
INSERT INTO e_mime_type (mime_id, mime, category_id) VALUES (126,'gif',4);
INSERT INTO e_mime_type (mime_id, mime, category_id) VALUES (127,'ief',4);
INSERT INTO e_mime_type (mime_id, mime, category_id) VALUES (128,'jp2',4);
INSERT INTO e_mime_type (mime_id, mime, category_id) VALUES (129,'jpeg',4);
INSERT INTO e_mime_type (mime_id, mime, category_id) VALUES (130,'jpm',4);
INSERT INTO e_mime_type (mime_id, mime, category_id) VALUES (131,'jpx',4);
INSERT INTO e_mime_type (mime_id, mime, category_id) VALUES (132,'naplps',4);
INSERT INTO e_mime_type (mime_id, mime, category_id) VALUES (133,'png',4);
INSERT INTO e_mime_type (mime_id, mime, category_id) VALUES (134,'prs.btif',4);
INSERT INTO e_mime_type (mime_id, mime, category_id) VALUES (135,'prs.pti',4);
INSERT INTO e_mime_type (mime_id, mime, category_id) VALUES (136,'t38',4);
INSERT INTO e_mime_type (mime_id, mime, category_id) VALUES (137,'tiff',4);
INSERT INTO e_mime_type (mime_id, mime, category_id) VALUES (138,'tiff-fx',4);
INSERT INTO e_mime_type (mime_id, mime, category_id) VALUES (139,'vnd.adobe.photoshop',4);
INSERT INTO e_mime_type (mime_id, mime, category_id) VALUES (140,'vnd.cns.inf2',4);
INSERT INTO e_mime_type (mime_id, mime, category_id) VALUES (141,'vnd.djvu',4);
INSERT INTO e_mime_type (mime_id, mime, category_id) VALUES (142,'vnd.dwg',4);
INSERT INTO e_mime_type (mime_id, mime, category_id) VALUES (143,'vnd.dxf',4);
INSERT INTO e_mime_type (mime_id, mime, category_id) VALUES (144,'vnd.fastbidsheet',4);
INSERT INTO e_mime_type (mime_id, mime, category_id) VALUES (145,'vnd.fpx',4);
INSERT INTO e_mime_type (mime_id, mime, category_id) VALUES (146,'vnd.fst',4);
INSERT INTO e_mime_type (mime_id, mime, category_id) VALUES (147,'vnd.fujixerox.edmics-mmr',4);
INSERT INTO e_mime_type (mime_id, mime, category_id) VALUES (148,'vnd.fujixerox.edmics-rlc',4);
INSERT INTO e_mime_type (mime_id, mime, category_id) VALUES (149,'vnd.globalgraphics.pgb',4);
INSERT INTO e_mime_type (mime_id, mime, category_id) VALUES (150,'vnd.microsoft.icon',4);
INSERT INTO e_mime_type (mime_id, mime, category_id) VALUES (151,'vnd.mix',4);
INSERT INTO e_mime_type (mime_id, mime, category_id) VALUES (152,'vnd.ms-modi',4);
INSERT INTO e_mime_type (mime_id, mime, category_id) VALUES (153,'vnd.net-fpx',4);
INSERT INTO e_mime_type (mime_id, mime, category_id) VALUES (154,'vnd.sealed.png',4);
INSERT INTO e_mime_type (mime_id, mime, category_id) VALUES (155,'vnd.sealedmedia.softseal.gif',4);
INSERT INTO e_mime_type (mime_id, mime, category_id) VALUES (156,'vnd.sealedmedia.softseal.jpg',4);
INSERT INTO e_mime_type (mime_id, mime, category_id) VALUES (157,'vnd.svf',4);
INSERT INTO e_mime_type (mime_id, mime, category_id) VALUES (158,'vnd.wap.wbmp',4);
INSERT INTO e_mime_type (mime_id, mime, category_id) VALUES (159,'vnd.xiff',4);
INSERT INTO e_mime_type (mime_id, mime, category_id) VALUES (160,'32kadpcm',3);
INSERT INTO e_mime_type (mime_id, mime, category_id) VALUES (161,'3gpp',3);
INSERT INTO e_mime_type (mime_id, mime, category_id) VALUES (162,'3gpp2',3);
INSERT INTO e_mime_type (mime_id, mime, category_id) VALUES (163,'ac3',3);
INSERT INTO e_mime_type (mime_id, mime, category_id) VALUES (164,'AMR',3);
INSERT INTO e_mime_type (mime_id, mime, category_id) VALUES (165,'AMR-WB',3);
INSERT INTO e_mime_type (mime_id, mime, category_id) VALUES (166,'amr-wb+',3);
INSERT INTO e_mime_type (mime_id, mime, category_id) VALUES (167,'basic',3);
INSERT INTO e_mime_type (mime_id, mime, category_id) VALUES (168,'BV16',3);
INSERT INTO e_mime_type (mime_id, mime, category_id) VALUES (169,'BV32',3);
INSERT INTO e_mime_type (mime_id, mime, category_id) VALUES (170,'clearmode',3);
INSERT INTO e_mime_type (mime_id, mime, category_id) VALUES (171,'CN',3);
INSERT INTO e_mime_type (mime_id, mime, category_id) VALUES (172,'DAT12',3);
INSERT INTO e_mime_type (mime_id, mime, category_id) VALUES (173,'dsr-es201108',3);
INSERT INTO e_mime_type (mime_id, mime, category_id) VALUES (174,'dsr-es202050',3);
INSERT INTO e_mime_type (mime_id, mime, category_id) VALUES (175,'dsr-es202211',3);
INSERT INTO e_mime_type (mime_id, mime, category_id) VALUES (176,'dsr-es202212',3);
INSERT INTO e_mime_type (mime_id, mime, category_id) VALUES (177,'DVI4',3);
INSERT INTO e_mime_type (mime_id, mime, category_id) VALUES (178,'EVRC',3);
INSERT INTO e_mime_type (mime_id, mime, category_id) VALUES (179,'EVRC0',3);
INSERT INTO e_mime_type (mime_id, mime, category_id) VALUES (180,'EVRC-QCP',3);
INSERT INTO e_mime_type (mime_id, mime, category_id) VALUES (181,'G722',3);
INSERT INTO e_mime_type (mime_id, mime, category_id) VALUES (182,'G7221',3);
INSERT INTO e_mime_type (mime_id, mime, category_id) VALUES (183,'G723',3);
INSERT INTO e_mime_type (mime_id, mime, category_id) VALUES (184,'G726-16',3);
INSERT INTO e_mime_type (mime_id, mime, category_id) VALUES (185,'G726-24',3);
INSERT INTO e_mime_type (mime_id, mime, category_id) VALUES (186,'G726-32',3);
INSERT INTO e_mime_type (mime_id, mime, category_id) VALUES (187,'G726-40',3);
INSERT INTO e_mime_type (mime_id, mime, category_id) VALUES (188,'G728',3);
INSERT INTO e_mime_type (mime_id, mime, category_id) VALUES (189,'G729',3);
INSERT INTO e_mime_type (mime_id, mime, category_id) VALUES (190,'G729D',3);
INSERT INTO e_mime_type (mime_id, mime, category_id) VALUES (191,'G729E',3);
INSERT INTO e_mime_type (mime_id, mime, category_id) VALUES (192,'GSM',3);
INSERT INTO e_mime_type (mime_id, mime, category_id) VALUES (193,'GSM-EFR',3);
INSERT INTO e_mime_type (mime_id, mime, category_id) VALUES (194,'iLBC',3);
INSERT INTO e_mime_type (mime_id, mime, category_id) VALUES (195,'L8',3);
INSERT INTO e_mime_type (mime_id, mime, category_id) VALUES (196,'L16',3);
INSERT INTO e_mime_type (mime_id, mime, category_id) VALUES (197,'L20',3);
INSERT INTO e_mime_type (mime_id, mime, category_id) VALUES (198,'L24',3);
INSERT INTO e_mime_type (mime_id, mime, category_id) VALUES (199,'LPC',3);
INSERT INTO e_mime_type (mime_id, mime, category_id) VALUES (200,'MPA',3);
INSERT INTO e_mime_type (mime_id, mime, category_id) VALUES (201,'mp4',3);
INSERT INTO e_mime_type (mime_id, mime, category_id) VALUES (202,'MP4A-LATM',3);
INSERT INTO e_mime_type (mime_id, mime, category_id) VALUES (203,'mpa-robust',3);
INSERT INTO e_mime_type (mime_id, mime, category_id) VALUES (204,'mpeg',3);
INSERT INTO e_mime_type (mime_id, mime, category_id) VALUES (205,'mpeg4-generic',3);
INSERT INTO e_mime_type (mime_id, mime, category_id) VALUES (206,'parityfec',3);
INSERT INTO e_mime_type (mime_id, mime, category_id) VALUES (207,'PCMA',3);
INSERT INTO e_mime_type (mime_id, mime, category_id) VALUES (208,'PCMU',3);
INSERT INTO e_mime_type (mime_id, mime, category_id) VALUES (209,'prs.sid',3);
INSERT INTO e_mime_type (mime_id, mime, category_id) VALUES (210,'QCELP',3);
INSERT INTO e_mime_type (mime_id, mime, category_id) VALUES (211,'RED',3);
INSERT INTO e_mime_type (mime_id, mime, category_id) VALUES (212,'rtx',3);
INSERT INTO e_mime_type (mime_id, mime, category_id) VALUES (213,'SMV',3);
INSERT INTO e_mime_type (mime_id, mime, category_id) VALUES (214,'SMV0',3);
INSERT INTO e_mime_type (mime_id, mime, category_id) VALUES (215,'SMV-QCP',3);
INSERT INTO e_mime_type (mime_id, mime, category_id) VALUES (216,'t140c',3);
INSERT INTO e_mime_type (mime_id, mime, category_id) VALUES (217,'telephone-event',3);
INSERT INTO e_mime_type (mime_id, mime, category_id) VALUES (218,'tone',3);
INSERT INTO e_mime_type (mime_id, mime, category_id) VALUES (219,'VDVI',3);
INSERT INTO e_mime_type (mime_id, mime, category_id) VALUES (220,'VMR-WB',3);
INSERT INTO e_mime_type (mime_id, mime, category_id) VALUES (221,'vnd.3gpp.iufp',3);
INSERT INTO e_mime_type (mime_id, mime, category_id) VALUES (222,'vnd.audiokoz',3);
INSERT INTO e_mime_type (mime_id, mime, category_id) VALUES (223,'vnd.cisco.nse',3);
INSERT INTO e_mime_type (mime_id, mime, category_id) VALUES (224,'vnd.cmles.radio-events',3);
INSERT INTO e_mime_type (mime_id, mime, category_id) VALUES (225,'vnd.cns.anp1',3);
INSERT INTO e_mime_type (mime_id, mime, category_id) VALUES (226,'vnd.cns.inf1',3);
INSERT INTO e_mime_type (mime_id, mime, category_id) VALUES (227,'vnd.digital-winds',3);
INSERT INTO e_mime_type (mime_id, mime, category_id) VALUES (228,'vnd.dlna.adts',3);
INSERT INTO e_mime_type (mime_id, mime, category_id) VALUES (229,'vnd.everad.plj',3);
INSERT INTO e_mime_type (mime_id, mime, category_id) VALUES (230,'vnd.lucent.voice',3);
INSERT INTO e_mime_type (mime_id, mime, category_id) VALUES (231,'vnd.nokia.mobile-xmf',3);
INSERT INTO e_mime_type (mime_id, mime, category_id) VALUES (232,'vnd.nortel.vbk',3);
INSERT INTO e_mime_type (mime_id, mime, category_id) VALUES (233,'vnd.nuera.ecelp4800',3);
INSERT INTO e_mime_type (mime_id, mime, category_id) VALUES (234,'vnd.nuera.ecelp7470',3);
INSERT INTO e_mime_type (mime_id, mime, category_id) VALUES (235,'vnd.nuera.ecelp9600',3);
INSERT INTO e_mime_type (mime_id, mime, category_id) VALUES (236,'vnd.octel.sbc',3);
INSERT INTO e_mime_type (mime_id, mime, category_id) VALUES (237,'vnd.qcelp',3);
INSERT INTO e_mime_type (mime_id, mime, category_id) VALUES (238,'vnd.rhetorex.32kadpcm',3);
INSERT INTO e_mime_type (mime_id, mime, category_id) VALUES (239,'vnd.sealedmedia.softseal.mpeg',3);
INSERT INTO e_mime_type (mime_id, mime, category_id) VALUES (240,'vnd.vmx.cvsd',3);
INSERT INTO e_mime_type (mime_id, mime, category_id) VALUES (241,'activemessage',1);
INSERT INTO e_mime_type (mime_id, mime, category_id) VALUES (242,'andrew-inset',1);
INSERT INTO e_mime_type (mime_id, mime, category_id) VALUES (243,'applefile',1);
INSERT INTO e_mime_type (mime_id, mime, category_id) VALUES (244,'atom+xml',1);
INSERT INTO e_mime_type (mime_id, mime, category_id) VALUES (245,'atomicmail',1);
INSERT INTO e_mime_type (mime_id, mime, category_id) VALUES (246,'batch-SMTP',1);
INSERT INTO e_mime_type (mime_id, mime, category_id) VALUES (247,'beep+xml',1);
INSERT INTO e_mime_type (mime_id, mime, category_id) VALUES (248,'cals-1840',1);
INSERT INTO e_mime_type (mime_id, mime, category_id) VALUES (249,'ccxml+xml',1);
INSERT INTO e_mime_type (mime_id, mime, category_id) VALUES (250,'cnrp+xml',1);
INSERT INTO e_mime_type (mime_id, mime, category_id) VALUES (251,'commonground',1);
INSERT INTO e_mime_type (mime_id, mime, category_id) VALUES (252,'conference-info+xml',1);
INSERT INTO e_mime_type (mime_id, mime, category_id) VALUES (253,'cpl+xml',1);
INSERT INTO e_mime_type (mime_id, mime, category_id) VALUES (254,'csta+xml',1);
INSERT INTO e_mime_type (mime_id, mime, category_id) VALUES (255,'CSTAdata+xml',1);
INSERT INTO e_mime_type (mime_id, mime, category_id) VALUES (256,'cybercash',1);
INSERT INTO e_mime_type (mime_id, mime, category_id) VALUES (257,'dca-rft',1);
INSERT INTO e_mime_type (mime_id, mime, category_id) VALUES (258,'dec-dx',1);
INSERT INTO e_mime_type (mime_id, mime, category_id) VALUES (259,'dialog-info+xml',1);
INSERT INTO e_mime_type (mime_id, mime, category_id) VALUES (260,'dicom',1);
INSERT INTO e_mime_type (mime_id, mime, category_id) VALUES (261,'dns',1);
INSERT INTO e_mime_type (mime_id, mime, category_id) VALUES (262,'dvcs',1);
INSERT INTO e_mime_type (mime_id, mime, category_id) VALUES (263,'ecmascript',1);
INSERT INTO e_mime_type (mime_id, mime, category_id) VALUES (264,'EDI-Consent',1);
INSERT INTO e_mime_type (mime_id, mime, category_id) VALUES (265,'EDIFACT',1);
INSERT INTO e_mime_type (mime_id, mime, category_id) VALUES (266,'EDI-X12',1);
INSERT INTO e_mime_type (mime_id, mime, category_id) VALUES (267,'epp+xml',1);
INSERT INTO e_mime_type (mime_id, mime, category_id) VALUES (268,'eshop',1);
INSERT INTO e_mime_type (mime_id, mime, category_id) VALUES (269,'fastinfoset',1);
INSERT INTO e_mime_type (mime_id, mime, category_id) VALUES (270,'fastsoap',1);
INSERT INTO e_mime_type (mime_id, mime, category_id) VALUES (271,'fits',1);
INSERT INTO e_mime_type (mime_id, mime, category_id) VALUES (272,'font-tdpfr',1);
INSERT INTO e_mime_type (mime_id, mime, category_id) VALUES (273,'http',1);
INSERT INTO e_mime_type (mime_id, mime, category_id) VALUES (274,'hyperstudio',1);
INSERT INTO e_mime_type (mime_id, mime, category_id) VALUES (275,'iges',1);
INSERT INTO e_mime_type (mime_id, mime, category_id) VALUES (276,'im-iscomposing+xml',1);
INSERT INTO e_mime_type (mime_id, mime, category_id) VALUES (277,'index',1);
INSERT INTO e_mime_type (mime_id, mime, category_id) VALUES (278,'index.cmd',1);
INSERT INTO e_mime_type (mime_id, mime, category_id) VALUES (279,'index.obj',1);
INSERT INTO e_mime_type (mime_id, mime, category_id) VALUES (280,'index.response',1);
INSERT INTO e_mime_type (mime_id, mime, category_id) VALUES (281,'index.vnd',1);
INSERT INTO e_mime_type (mime_id, mime, category_id) VALUES (282,'iotp',1);
INSERT INTO e_mime_type (mime_id, mime, category_id) VALUES (283,'ipp',1);
INSERT INTO e_mime_type (mime_id, mime, category_id) VALUES (284,'isup',1);
INSERT INTO e_mime_type (mime_id, mime, category_id) VALUES (285,'javascript',1);
INSERT INTO e_mime_type (mime_id, mime, category_id) VALUES (286,'kpml-request+xml',1);
INSERT INTO e_mime_type (mime_id, mime, category_id) VALUES (287,'kpml-response+xml',1);
INSERT INTO e_mime_type (mime_id, mime, category_id) VALUES (288,'mac-binhex40',1);
INSERT INTO e_mime_type (mime_id, mime, category_id) VALUES (289,'macwriteii',1);
INSERT INTO e_mime_type (mime_id, mime, category_id) VALUES (290,'marc',1);
INSERT INTO e_mime_type (mime_id, mime, category_id) VALUES (291,'mathematica',1);
INSERT INTO e_mime_type (mime_id, mime, category_id) VALUES (292,'mbox',1);
INSERT INTO e_mime_type (mime_id, mime, category_id) VALUES (293,'mikey',1);
INSERT INTO e_mime_type (mime_id, mime, category_id) VALUES (294,'mpeg4-generic',1);
INSERT INTO e_mime_type (mime_id, mime, category_id) VALUES (295,'mpeg4-iod',1);
INSERT INTO e_mime_type (mime_id, mime, category_id) VALUES (296,'mpeg4-iod-xmt',1);
INSERT INTO e_mime_type (mime_id, mime, category_id) VALUES (297,'mp4',1);
INSERT INTO e_mime_type (mime_id, mime, category_id) VALUES (298,'msword',1);
INSERT INTO e_mime_type (mime_id, mime, category_id) VALUES (299,'news-message-id',1);
INSERT INTO e_mime_type (mime_id, mime, category_id) VALUES (300,'news-transmission',1);
INSERT INTO e_mime_type (mime_id, mime, category_id) VALUES (301,'nss',1);
INSERT INTO e_mime_type (mime_id, mime, category_id) VALUES (302,'ocsp-request',1);
INSERT INTO e_mime_type (mime_id, mime, category_id) VALUES (303,'ocsp-response',1);
INSERT INTO e_mime_type (mime_id, mime, category_id) VALUES (304,'octet-stream',1);
INSERT INTO e_mime_type (mime_id, mime, category_id) VALUES (305,'oda',1);
INSERT INTO e_mime_type (mime_id, mime, category_id) VALUES (306,'ogg',1);
INSERT INTO e_mime_type (mime_id, mime, category_id) VALUES (307,'parityfec',1);
INSERT INTO e_mime_type (mime_id, mime, category_id) VALUES (308,'pdf',1);
INSERT INTO e_mime_type (mime_id, mime, category_id) VALUES (309,'pgp-encrypted',1);
INSERT INTO e_mime_type (mime_id, mime, category_id) VALUES (310,'pgp-keys',1);
INSERT INTO e_mime_type (mime_id, mime, category_id) VALUES (311,'pgp-signature',1);
INSERT INTO e_mime_type (mime_id, mime, category_id) VALUES (312,'pidf+xml',1);
INSERT INTO e_mime_type (mime_id, mime, category_id) VALUES (313,'pkcs10',1);
INSERT INTO e_mime_type (mime_id, mime, category_id) VALUES (314,'pkcs7-mime',1);
INSERT INTO e_mime_type (mime_id, mime, category_id) VALUES (315,'pkcs7-signature',1);
INSERT INTO e_mime_type (mime_id, mime, category_id) VALUES (316,'pkix-cert',1);
INSERT INTO e_mime_type (mime_id, mime, category_id) VALUES (317,'pkixcmp',1);
INSERT INTO e_mime_type (mime_id, mime, category_id) VALUES (318,'pkix-crl',1);
INSERT INTO e_mime_type (mime_id, mime, category_id) VALUES (319,'pkix-pkipath',1);
INSERT INTO e_mime_type (mime_id, mime, category_id) VALUES (320,'pls+xml',1);
INSERT INTO e_mime_type (mime_id, mime, category_id) VALUES (321,'poc-settings+xml',1);
INSERT INTO e_mime_type (mime_id, mime, category_id) VALUES (322,'postscript',1);
INSERT INTO e_mime_type (mime_id, mime, category_id) VALUES (323,'prs.alvestrand.titrax-sheet',1);
INSERT INTO e_mime_type (mime_id, mime, category_id) VALUES (324,'prs.cww',1);
INSERT INTO e_mime_type (mime_id, mime, category_id) VALUES (325,'prs.nprend',1);
INSERT INTO e_mime_type (mime_id, mime, category_id) VALUES (326,'prs.plucker',1);
INSERT INTO e_mime_type (mime_id, mime, category_id) VALUES (327,'rdf+xml',1);
INSERT INTO e_mime_type (mime_id, mime, category_id) VALUES (328,'qsig',1);
INSERT INTO e_mime_type (mime_id, mime, category_id) VALUES (329,'reginfo+xml',1);
INSERT INTO e_mime_type (mime_id, mime, category_id) VALUES (330,'remote-printing',1);
INSERT INTO e_mime_type (mime_id, mime, category_id) VALUES (331,'resource-lists+xml',1);
INSERT INTO e_mime_type (mime_id, mime, category_id) VALUES (332,'riscos',1);
INSERT INTO e_mime_type (mime_id, mime, category_id) VALUES (333,'rlmi+xml',1);
INSERT INTO e_mime_type (mime_id, mime, category_id) VALUES (334,'rls-services+xml',1);
INSERT INTO e_mime_type (mime_id, mime, category_id) VALUES (335,'rtf',1);
INSERT INTO e_mime_type (mime_id, mime, category_id) VALUES (336,'rtx',1);
INSERT INTO e_mime_type (mime_id, mime, category_id) VALUES (337,'samlassertion+xml',1);
INSERT INTO e_mime_type (mime_id, mime, category_id) VALUES (338,'samlmetadata+xml',1);
INSERT INTO e_mime_type (mime_id, mime, category_id) VALUES (339,'sbml+xml',1);
INSERT INTO e_mime_type (mime_id, mime, category_id) VALUES (340,'sdp',1);
INSERT INTO e_mime_type (mime_id, mime, category_id) VALUES (341,'set-payment',1);
INSERT INTO e_mime_type (mime_id, mime, category_id) VALUES (342,'set-payment-initiation',1);
INSERT INTO e_mime_type (mime_id, mime, category_id) VALUES (343,'set-registration',1);
INSERT INTO e_mime_type (mime_id, mime, category_id) VALUES (344,'set-registration-initiation',1);
INSERT INTO e_mime_type (mime_id, mime, category_id) VALUES (345,'sgml',1);
INSERT INTO e_mime_type (mime_id, mime, category_id) VALUES (346,'sgml-open-catalog',1);
INSERT INTO e_mime_type (mime_id, mime, category_id) VALUES (347,'shf+xml',1);
INSERT INTO e_mime_type (mime_id, mime, category_id) VALUES (348,'sieve',1);
INSERT INTO e_mime_type (mime_id, mime, category_id) VALUES (349,'simple-filter+xml',1);
INSERT INTO e_mime_type (mime_id, mime, category_id) VALUES (350,'simple-message-summary',1);
INSERT INTO e_mime_type (mime_id, mime, category_id) VALUES (351,'slate',1);
INSERT INTO e_mime_type (mime_id, mime, category_id) VALUES (352,'soap+fastinfoset',1);
INSERT INTO e_mime_type (mime_id, mime, category_id) VALUES (353,'soap+xml',1);
INSERT INTO e_mime_type (mime_id, mime, category_id) VALUES (354,'spirits-event+xml',1);
INSERT INTO e_mime_type (mime_id, mime, category_id) VALUES (355,'srgs',1);
INSERT INTO e_mime_type (mime_id, mime, category_id) VALUES (356,'srgs+xml',1);
INSERT INTO e_mime_type (mime_id, mime, category_id) VALUES (357,'ssml+xml',1);
INSERT INTO e_mime_type (mime_id, mime, category_id) VALUES (358,'timestamp-query',1);
INSERT INTO e_mime_type (mime_id, mime, category_id) VALUES (359,'timestamp-reply',1);
INSERT INTO e_mime_type (mime_id, mime, category_id) VALUES (360,'tve-trigger',1);
INSERT INTO e_mime_type (mime_id, mime, category_id) VALUES (361,'vemmi',1);
INSERT INTO e_mime_type (mime_id, mime, category_id) VALUES (362,'vnd.3gpp.pic-bw-large',1);
INSERT INTO e_mime_type (mime_id, mime, category_id) VALUES (363,'vnd.3gpp.pic-bw-small',1);
INSERT INTO e_mime_type (mime_id, mime, category_id) VALUES (364,'vnd.3gpp.pic-bw-var',1);
INSERT INTO e_mime_type (mime_id, mime, category_id) VALUES (365,'vnd.3gpp.sms',1);
INSERT INTO e_mime_type (mime_id, mime, category_id) VALUES (366,'vnd.3M.Post-it-Notes',1);
INSERT INTO e_mime_type (mime_id, mime, category_id) VALUES (367,'vnd.accpac.simply.aso',1);
INSERT INTO e_mime_type (mime_id, mime, category_id) VALUES (368,'vnd.accpac.simply.imp',1);
INSERT INTO e_mime_type (mime_id, mime, category_id) VALUES (369,'vnd.acucobol',1);
INSERT INTO e_mime_type (mime_id, mime, category_id) VALUES (370,'vnd.acucorp',1);
INSERT INTO e_mime_type (mime_id, mime, category_id) VALUES (371,'vnd.adobe.xfdf',1);
INSERT INTO e_mime_type (mime_id, mime, category_id) VALUES (372,'vnd.aether.imp',1);
INSERT INTO e_mime_type (mime_id, mime, category_id) VALUES (373,'vnd.amiga.ami',1);
INSERT INTO e_mime_type (mime_id, mime, category_id) VALUES (374,'vnd.anser-web-certificate-issue-initiation',1);
INSERT INTO e_mime_type (mime_id, mime, category_id) VALUES (375,'vnd.apple.installer+xml',1);
INSERT INTO e_mime_type (mime_id, mime, category_id) VALUES (376,'vnd.audiograph',1);
INSERT INTO e_mime_type (mime_id, mime, category_id) VALUES (377,'vnd.autopackage',1);
INSERT INTO e_mime_type (mime_id, mime, category_id) VALUES (378,'vnd.blueice.multipass',1);
INSERT INTO e_mime_type (mime_id, mime, category_id) VALUES (379,'vnd.bmi',1);
INSERT INTO e_mime_type (mime_id, mime, category_id) VALUES (380,'vnd.businessobjects',1);
INSERT INTO e_mime_type (mime_id, mime, category_id) VALUES (381,'vnd.canon-cpdl',1);
INSERT INTO e_mime_type (mime_id, mime, category_id) VALUES (382,'vnd.canon-lips',1);
INSERT INTO e_mime_type (mime_id, mime, category_id) VALUES (383,'vnd.cinderella',1);
INSERT INTO e_mime_type (mime_id, mime, category_id) VALUES (384,'vnd.claymore',1);
INSERT INTO e_mime_type (mime_id, mime, category_id) VALUES (385,'vnd.commerce-battelle',1);
INSERT INTO e_mime_type (mime_id, mime, category_id) VALUES (386,'vnd.commonspace',1);
INSERT INTO e_mime_type (mime_id, mime, category_id) VALUES (387,'vnd.cosmocaller',1);
INSERT INTO e_mime_type (mime_id, mime, category_id) VALUES (388,'vnd.contact.cmsg',1);
INSERT INTO e_mime_type (mime_id, mime, category_id) VALUES (389,'vnd.criticaltools.wbs+xml',1);
INSERT INTO e_mime_type (mime_id, mime, category_id) VALUES (390,'vnd.ctc-posml',1);
INSERT INTO e_mime_type (mime_id, mime, category_id) VALUES (391,'vnd.cups-postscript',1);
INSERT INTO e_mime_type (mime_id, mime, category_id) VALUES (392,'vnd.cups-raster',1);
INSERT INTO e_mime_type (mime_id, mime, category_id) VALUES (393,'vnd.cups-raw',1);
INSERT INTO e_mime_type (mime_id, mime, category_id) VALUES (394,'vnd.curl',1);
INSERT INTO e_mime_type (mime_id, mime, category_id) VALUES (395,'vnd.cybank',1);
INSERT INTO e_mime_type (mime_id, mime, category_id) VALUES (396,'vnd.data-vision.rdz',1);
INSERT INTO e_mime_type (mime_id, mime, category_id) VALUES (397,'vnd.dna',1);
INSERT INTO e_mime_type (mime_id, mime, category_id) VALUES (398,'vnd.dpgraph',1);
INSERT INTO e_mime_type (mime_id, mime, category_id) VALUES (399,'vnd.dreamfactory',1);
INSERT INTO e_mime_type (mime_id, mime, category_id) VALUES (400,'vnd.dxr',1);
INSERT INTO e_mime_type (mime_id, mime, category_id) VALUES (401,'vnd.ecdis-update',1);
INSERT INTO e_mime_type (mime_id, mime, category_id) VALUES (402,'vnd.ecowin.chart',1);
INSERT INTO e_mime_type (mime_id, mime, category_id) VALUES (403,'vnd.ecowin.filerequest',1);
INSERT INTO e_mime_type (mime_id, mime, category_id) VALUES (404,'vnd.ecowin.fileupdate',1);
INSERT INTO e_mime_type (mime_id, mime, category_id) VALUES (405,'vnd.ecowin.series',1);
INSERT INTO e_mime_type (mime_id, mime, category_id) VALUES (406,'vnd.ecowin.seriesrequest',1);
INSERT INTO e_mime_type (mime_id, mime, category_id) VALUES (407,'vnd.ecowin.seriesupdate',1);
INSERT INTO e_mime_type (mime_id, mime, category_id) VALUES (408,'vnd.enliven',1);
INSERT INTO e_mime_type (mime_id, mime, category_id) VALUES (409,'vnd.epson.esf',1);
INSERT INTO e_mime_type (mime_id, mime, category_id) VALUES (410,'vnd.epson.msf',1);
INSERT INTO e_mime_type (mime_id, mime, category_id) VALUES (411,'vnd.epson.quickanime',1);
INSERT INTO e_mime_type (mime_id, mime, category_id) VALUES (412,'vnd.epson.salt',1);
INSERT INTO e_mime_type (mime_id, mime, category_id) VALUES (413,'vnd.epson.ssf',1);
INSERT INTO e_mime_type (mime_id, mime, category_id) VALUES (414,'vnd.ericsson.quickcall',1);
INSERT INTO e_mime_type (mime_id, mime, category_id) VALUES (415,'vnd.eudora.data',1);
INSERT INTO e_mime_type (mime_id, mime, category_id) VALUES (416,'vnd.fdf',1);
INSERT INTO e_mime_type (mime_id, mime, category_id) VALUES (417,'vnd.ffsns',1);
INSERT INTO e_mime_type (mime_id, mime, category_id) VALUES (418,'vnd.fints',1);
INSERT INTO e_mime_type (mime_id, mime, category_id) VALUES (419,'vnd.FloGraphIt',1);
INSERT INTO e_mime_type (mime_id, mime, category_id) VALUES (420,'vnd.fluxtime.clip',1);
INSERT INTO e_mime_type (mime_id, mime, category_id) VALUES (421,'vnd.framemaker',1);
INSERT INTO e_mime_type (mime_id, mime, category_id) VALUES (422,'vnd.fsc.weblaunch',1);
INSERT INTO e_mime_type (mime_id, mime, category_id) VALUES (423,'vnd.fujitsu.oasys',1);
INSERT INTO e_mime_type (mime_id, mime, category_id) VALUES (424,'vnd.fujitsu.oasys2',1);
INSERT INTO e_mime_type (mime_id, mime, category_id) VALUES (425,'vnd.fujitsu.oasys3',1);
INSERT INTO e_mime_type (mime_id, mime, category_id) VALUES (426,'vnd.fujitsu.oasysgp',1);
INSERT INTO e_mime_type (mime_id, mime, category_id) VALUES (427,'vnd.fujitsu.oasysprs',1);
INSERT INTO e_mime_type (mime_id, mime, category_id) VALUES (428,'vnd.fujixerox.ddd',1);
INSERT INTO e_mime_type (mime_id, mime, category_id) VALUES (429,'vnd.fujixerox.docuworks',1);
INSERT INTO e_mime_type (mime_id, mime, category_id) VALUES (430,'vnd.fujixerox.docuworks.binder',1);
INSERT INTO e_mime_type (mime_id, mime, category_id) VALUES (431,'vnd.fut-misnet',1);
INSERT INTO e_mime_type (mime_id, mime, category_id) VALUES (432,'vnd.genomatix.tuxedo',1);
INSERT INTO e_mime_type (mime_id, mime, category_id) VALUES (433,'vnd.grafeq',1);
INSERT INTO e_mime_type (mime_id, mime, category_id) VALUES (434,'vnd.groove-account',1);
INSERT INTO e_mime_type (mime_id, mime, category_id) VALUES (435,'vnd.groove-help',1);
INSERT INTO e_mime_type (mime_id, mime, category_id) VALUES (436,'vnd.groove-identity-message',1);
INSERT INTO e_mime_type (mime_id, mime, category_id) VALUES (437,'vnd.groove-injector',1);
INSERT INTO e_mime_type (mime_id, mime, category_id) VALUES (438,'vnd.groove-tool-message',1);
INSERT INTO e_mime_type (mime_id, mime, category_id) VALUES (439,'vnd.groove-tool-template',1);
INSERT INTO e_mime_type (mime_id, mime, category_id) VALUES (440,'vnd.groove-vcard',1);
INSERT INTO e_mime_type (mime_id, mime, category_id) VALUES (441,'vnd.hbci',1);
INSERT INTO e_mime_type (mime_id, mime, category_id) VALUES (442,'vnd.hcl-bireports',1);
INSERT INTO e_mime_type (mime_id, mime, category_id) VALUES (443,'vnd.hhe.lesson-player',1);
INSERT INTO e_mime_type (mime_id, mime, category_id) VALUES (444,'vnd.hp-HPGL',1);
INSERT INTO e_mime_type (mime_id, mime, category_id) VALUES (445,'vnd.hp-hpid',1);
INSERT INTO e_mime_type (mime_id, mime, category_id) VALUES (446,'vnd.hp-hps',1);
INSERT INTO e_mime_type (mime_id, mime, category_id) VALUES (447,'vnd.hp-PCL',1);
INSERT INTO e_mime_type (mime_id, mime, category_id) VALUES (448,'vnd.hp-PCLXL',1);
INSERT INTO e_mime_type (mime_id, mime, category_id) VALUES (449,'vnd.httphone',1);
INSERT INTO e_mime_type (mime_id, mime, category_id) VALUES (450,'vnd.hzn-3d-crossword',1);
INSERT INTO e_mime_type (mime_id, mime, category_id) VALUES (451,'vnd.ibm.afplinedata',1);
INSERT INTO e_mime_type (mime_id, mime, category_id) VALUES (452,'vnd.ibm.electronic-media',1);
INSERT INTO e_mime_type (mime_id, mime, category_id) VALUES (453,'vnd.ibm.MiniPay',1);
INSERT INTO e_mime_type (mime_id, mime, category_id) VALUES (454,'vnd.ibm.modcap',1);
INSERT INTO e_mime_type (mime_id, mime, category_id) VALUES (455,'vnd.ibm.rights-management',1);
INSERT INTO e_mime_type (mime_id, mime, category_id) VALUES (456,'vnd.ibm.secure-container',1);
INSERT INTO e_mime_type (mime_id, mime, category_id) VALUES (457,'vnd.informix-visionary',1);
INSERT INTO e_mime_type (mime_id, mime, category_id) VALUES (458,'vnd.intercon.formnet',1);
INSERT INTO e_mime_type (mime_id, mime, category_id) VALUES (459,'vnd.intertrust.digibox',1);
INSERT INTO e_mime_type (mime_id, mime, category_id) VALUES (460,'vnd.intertrust.nncp',1);
INSERT INTO e_mime_type (mime_id, mime, category_id) VALUES (461,'vnd.intu.qbo',1);
INSERT INTO e_mime_type (mime_id, mime, category_id) VALUES (462,'vnd.intu.qfx',1);
INSERT INTO e_mime_type (mime_id, mime, category_id) VALUES (463,'vnd.ipunplugged.rcprofile',1);
INSERT INTO e_mime_type (mime_id, mime, category_id) VALUES (464,'vnd.irepository.package+xml',1);
INSERT INTO e_mime_type (mime_id, mime, category_id) VALUES (465,'vnd.is-xpr',1);
INSERT INTO e_mime_type (mime_id, mime, category_id) VALUES (466,'vnd.japannet-directory-service',1);
INSERT INTO e_mime_type (mime_id, mime, category_id) VALUES (467,'vnd.japannet-jpnstore-wakeup',1);
INSERT INTO e_mime_type (mime_id, mime, category_id) VALUES (468,'vnd.japannet-payment-wakeup',1);
INSERT INTO e_mime_type (mime_id, mime, category_id) VALUES (469,'vnd.japannet-registration',1);
INSERT INTO e_mime_type (mime_id, mime, category_id) VALUES (470,'vnd.japannet-registration-wakeup',1);
INSERT INTO e_mime_type (mime_id, mime, category_id) VALUES (471,'vnd.japannet-setstore-wakeup',1);
INSERT INTO e_mime_type (mime_id, mime, category_id) VALUES (472,'vnd.japannet-verification',1);
INSERT INTO e_mime_type (mime_id, mime, category_id) VALUES (473,'vnd.japannet-verification-wakeup',1);
INSERT INTO e_mime_type (mime_id, mime, category_id) VALUES (474,'vnd.jisp',1);
INSERT INTO e_mime_type (mime_id, mime, category_id) VALUES (475,'vnd.kahootz',1);
INSERT INTO e_mime_type (mime_id, mime, category_id) VALUES (476,'vnd.kde.karbon',1);
INSERT INTO e_mime_type (mime_id, mime, category_id) VALUES (477,'vnd.kde.kchart',1);
INSERT INTO e_mime_type (mime_id, mime, category_id) VALUES (478,'vnd.kde.kformula',1);
INSERT INTO e_mime_type (mime_id, mime, category_id) VALUES (479,'vnd.kde.kivio',1);
INSERT INTO e_mime_type (mime_id, mime, category_id) VALUES (480,'vnd.kde.kontour',1);
INSERT INTO e_mime_type (mime_id, mime, category_id) VALUES (481,'vnd.kde.kpresenter',1);
INSERT INTO e_mime_type (mime_id, mime, category_id) VALUES (482,'vnd.kde.kspread',1);
INSERT INTO e_mime_type (mime_id, mime, category_id) VALUES (483,'vnd.kde.kword',1);
INSERT INTO e_mime_type (mime_id, mime, category_id) VALUES (484,'vnd.kenameaapp',1);
INSERT INTO e_mime_type (mime_id, mime, category_id) VALUES (485,'vnd.kidspiration',1);
INSERT INTO e_mime_type (mime_id, mime, category_id) VALUES (486,'vnd.Kinar',1);
INSERT INTO e_mime_type (mime_id, mime, category_id) VALUES (487,'vnd.koan',1);
INSERT INTO e_mime_type (mime_id, mime, category_id) VALUES (488,'vnd.liberty-request+xml',1);
INSERT INTO e_mime_type (mime_id, mime, category_id) VALUES (489,'vnd.llamagraphics.life-balance.desktop',1);
INSERT INTO e_mime_type (mime_id, mime, category_id) VALUES (490,'vnd.llamagraphics.life-balance.exchange+xml',1);
INSERT INTO e_mime_type (mime_id, mime, category_id) VALUES (491,'vnd.lotus-1-2-3',1);
INSERT INTO e_mime_type (mime_id, mime, category_id) VALUES (492,'vnd.lotus-approach',1);
INSERT INTO e_mime_type (mime_id, mime, category_id) VALUES (493,'vnd.lotus-freelance',1);
INSERT INTO e_mime_type (mime_id, mime, category_id) VALUES (494,'vnd.lotus-notes',1);
INSERT INTO e_mime_type (mime_id, mime, category_id) VALUES (495,'vnd.lotus-organizer',1);
INSERT INTO e_mime_type (mime_id, mime, category_id) VALUES (496,'vnd.lotus-screencam',1);
INSERT INTO e_mime_type (mime_id, mime, category_id) VALUES (497,'vnd.lotus-wordpro',1);
INSERT INTO e_mime_type (mime_id, mime, category_id) VALUES (498,'vnd.marlin.drm.mdcf',1);
INSERT INTO e_mime_type (mime_id, mime, category_id) VALUES (499,'vnd.mcd',1);
INSERT INTO e_mime_type (mime_id, mime, category_id) VALUES (500,'vnd.mediastation.cdkey',1);
INSERT INTO e_mime_type (mime_id, mime, category_id) VALUES (501,'vnd.meridian-slingshot',1);
INSERT INTO e_mime_type (mime_id, mime, category_id) VALUES (502,'vnd.mfmp',1);
INSERT INTO e_mime_type (mime_id, mime, category_id) VALUES (503,'vnd.micrografx.flo',1);
INSERT INTO e_mime_type (mime_id, mime, category_id) VALUES (504,'vnd.micrografx.igx',1);
INSERT INTO e_mime_type (mime_id, mime, category_id) VALUES (505,'vnd.mif',1);
INSERT INTO e_mime_type (mime_id, mime, category_id) VALUES (506,'vnd.minisoft-hp3000-save',1);
INSERT INTO e_mime_type (mime_id, mime, category_id) VALUES (507,'vnd.mitsubishi.misty-guard.trustweb',1);
INSERT INTO e_mime_type (mime_id, mime, category_id) VALUES (508,'vnd.Mobius.DAF',1);
INSERT INTO e_mime_type (mime_id, mime, category_id) VALUES (509,'vnd.Mobius.DIS',1);
INSERT INTO e_mime_type (mime_id, mime, category_id) VALUES (510,'vnd.Mobius.MBK',1);
INSERT INTO e_mime_type (mime_id, mime, category_id) VALUES (511,'vnd.Mobius.MQY',1);
INSERT INTO e_mime_type (mime_id, mime, category_id) VALUES (512,'vnd.Mobius.MSL',1);
INSERT INTO e_mime_type (mime_id, mime, category_id) VALUES (513,'vnd.Mobius.PLC',1);
INSERT INTO e_mime_type (mime_id, mime, category_id) VALUES (514,'vnd.Mobius.TXF',1);
INSERT INTO e_mime_type (mime_id, mime, category_id) VALUES (515,'vnd.mophun.application',1);
INSERT INTO e_mime_type (mime_id, mime, category_id) VALUES (516,'vnd.mophun.certificate',1);
INSERT INTO e_mime_type (mime_id, mime, category_id) VALUES (517,'vnd.motorola.flexsuite',1);
INSERT INTO e_mime_type (mime_id, mime, category_id) VALUES (518,'vnd.motorola.flexsuite.adsi',1);
INSERT INTO e_mime_type (mime_id, mime, category_id) VALUES (519,'vnd.motorola.flexsuite.fis',1);
INSERT INTO e_mime_type (mime_id, mime, category_id) VALUES (520,'vnd.motorola.flexsuite.gotap',1);
INSERT INTO e_mime_type (mime_id, mime, category_id) VALUES (521,'vnd.motorola.flexsuite.kmr',1);
INSERT INTO e_mime_type (mime_id, mime, category_id) VALUES (522,'vnd.motorola.flexsuite.ttc',1);
INSERT INTO e_mime_type (mime_id, mime, category_id) VALUES (523,'vnd.motorola.flexsuite.wem',1);
INSERT INTO e_mime_type (mime_id, mime, category_id) VALUES (524,'vnd.mozilla.xul+xml',1);
INSERT INTO e_mime_type (mime_id, mime, category_id) VALUES (525,'vnd.ms-artgalry',1);
INSERT INTO e_mime_type (mime_id, mime, category_id) VALUES (526,'vnd.ms-asf',1);
INSERT INTO e_mime_type (mime_id, mime, category_id) VALUES (527,'vnd.ms-cab-compressed',1);
INSERT INTO e_mime_type (mime_id, mime, category_id) VALUES (528,'vnd.mseq',1);
INSERT INTO e_mime_type (mime_id, mime, category_id) VALUES (529,'vnd.ms-excel',1);
INSERT INTO e_mime_type (mime_id, mime, category_id) VALUES (530,'vnd.ms-fontobject',1);
INSERT INTO e_mime_type (mime_id, mime, category_id) VALUES (531,'vnd.msign',1);
INSERT INTO e_mime_type (mime_id, mime, category_id) VALUES (532,'vnd.ms-ims',1);
INSERT INTO e_mime_type (mime_id, mime, category_id) VALUES (533,'vnd.ms-lrm',1);
INSERT INTO e_mime_type (mime_id, mime, category_id) VALUES (534,'vnd.ms-powerpoint',1);
INSERT INTO e_mime_type (mime_id, mime, category_id) VALUES (535,'vnd.ms-project',1);
INSERT INTO e_mime_type (mime_id, mime, category_id) VALUES (536,'vnd.ms-tnef',1);
INSERT INTO e_mime_type (mime_id, mime, category_id) VALUES (537,'vnd.ms-works',1);
INSERT INTO e_mime_type (mime_id, mime, category_id) VALUES (538,'vnd.ms-wpl',1);
INSERT INTO e_mime_type (mime_id, mime, category_id) VALUES (539,'vnd.musician',1);
INSERT INTO e_mime_type (mime_id, mime, category_id) VALUES (540,'vnd.music-niff',1);
INSERT INTO e_mime_type (mime_id, mime, category_id) VALUES (541,'vnd.nervana',1);
INSERT INTO e_mime_type (mime_id, mime, category_id) VALUES (542,'vnd.netfpx',1);
INSERT INTO e_mime_type (mime_id, mime, category_id) VALUES (543,'vnd.noblenet-directory',1);
INSERT INTO e_mime_type (mime_id, mime, category_id) VALUES (544,'vnd.noblenet-sealer',1);
INSERT INTO e_mime_type (mime_id, mime, category_id) VALUES (545,'vnd.noblenet-web',1);
INSERT INTO e_mime_type (mime_id, mime, category_id) VALUES (546,'vnd.nokia.landmark+xml',1);
INSERT INTO e_mime_type (mime_id, mime, category_id) VALUES (547,'vnd.nokia.landmark+wbxml',1);
INSERT INTO e_mime_type (mime_id, mime, category_id) VALUES (548,'vnd.nokia.landmarkcollection+xml',1);
INSERT INTO e_mime_type (mime_id, mime, category_id) VALUES (549,'vnd.nokia.radio-preset',1);
INSERT INTO e_mime_type (mime_id, mime, category_id) VALUES (550,'vnd.nokia.radio-presets',1);
INSERT INTO e_mime_type (mime_id, mime, category_id) VALUES (551,'vnd.novadigm.EDM',1);
INSERT INTO e_mime_type (mime_id, mime, category_id) VALUES (552,'vnd.novadigm.EDX',1);
INSERT INTO e_mime_type (mime_id, mime, category_id) VALUES (553,'vnd.novadigm.EXT',1);
INSERT INTO e_mime_type (mime_id, mime, category_id) VALUES (554,'vnd.obn',1);
INSERT INTO e_mime_type (mime_id, mime, category_id) VALUES (555,'vnd.omads-email+xml',1);
INSERT INTO e_mime_type (mime_id, mime, category_id) VALUES (556,'vnd.omads-file+xml',1);
INSERT INTO e_mime_type (mime_id, mime, category_id) VALUES (557,'vnd.omads-folder+xml',1);
INSERT INTO e_mime_type (mime_id, mime, category_id) VALUES (558,'vnd.osa.netdeploy',1);
INSERT INTO e_mime_type (mime_id, mime, category_id) VALUES (559,'vnd.osgi.dp',1);
INSERT INTO e_mime_type (mime_id, mime, category_id) VALUES (560,'vnd.palm',1);
INSERT INTO e_mime_type (mime_id, mime, category_id) VALUES (561,'vnd.paos.xml',1);
INSERT INTO e_mime_type (mime_id, mime, category_id) VALUES (562,'vnd.pg.format',1);
INSERT INTO e_mime_type (mime_id, mime, category_id) VALUES (563,'vnd.pg.osasli',1);
INSERT INTO e_mime_type (mime_id, mime, category_id) VALUES (564,'vnd.piaccess.application-licence',1);
INSERT INTO e_mime_type (mime_id, mime, category_id) VALUES (565,'vnd.picsel',1);
INSERT INTO e_mime_type (mime_id, mime, category_id) VALUES (566,'vnd.powerbuilder6',1);
INSERT INTO e_mime_type (mime_id, mime, category_id) VALUES (567,'vnd.powerbuilder6-s',1);
INSERT INTO e_mime_type (mime_id, mime, category_id) VALUES (568,'vnd.powerbuilder7',1);
INSERT INTO e_mime_type (mime_id, mime, category_id) VALUES (569,'vnd.powerbuilder75',1);
INSERT INTO e_mime_type (mime_id, mime, category_id) VALUES (570,'vnd.powerbuilder75-s',1);
INSERT INTO e_mime_type (mime_id, mime, category_id) VALUES (571,'vnd.powerbuilder7-s',1);
INSERT INTO e_mime_type (mime_id, mime, category_id) VALUES (572,'vnd.preminet',1);
INSERT INTO e_mime_type (mime_id, mime, category_id) VALUES (573,'vnd.previewsystems.box',1);
INSERT INTO e_mime_type (mime_id, mime, category_id) VALUES (574,'vnd.proteus.magazine',1);
INSERT INTO e_mime_type (mime_id, mime, category_id) VALUES (575,'vnd.publishare-delta-tree',1);
INSERT INTO e_mime_type (mime_id, mime, category_id) VALUES (576,'vnd.pvi.ptid1',1);
INSERT INTO e_mime_type (mime_id, mime, category_id) VALUES (577,'vnd.pwg-multiplexed',1);
INSERT INTO e_mime_type (mime_id, mime, category_id) VALUES (578,'vnd.pwg-xhtml-print+xml',1);
INSERT INTO e_mime_type (mime_id, mime, category_id) VALUES (579,'vnd.Quark.QuarkXPress',1);
INSERT INTO e_mime_type (mime_id, mime, category_id) VALUES (580,'vnd.rapid',1);
INSERT INTO e_mime_type (mime_id, mime, category_id) VALUES (581,'vnd.RenLearn.rlprint',1);
INSERT INTO e_mime_type (mime_id, mime, category_id) VALUES (582,'vnd.ruckus.download',1);
INSERT INTO e_mime_type (mime_id, mime, category_id) VALUES (583,'vnd.s3sms',1);
INSERT INTO e_mime_type (mime_id, mime, category_id) VALUES (584,'vnd.sealed.doc',1);
INSERT INTO e_mime_type (mime_id, mime, category_id) VALUES (585,'vnd.sealed.eml',1);
INSERT INTO e_mime_type (mime_id, mime, category_id) VALUES (586,'vnd.sealed.mht',1);
INSERT INTO e_mime_type (mime_id, mime, category_id) VALUES (587,'vnd.sealed.net',1);
INSERT INTO e_mime_type (mime_id, mime, category_id) VALUES (588,'vnd.sealed.ppt',1);
INSERT INTO e_mime_type (mime_id, mime, category_id) VALUES (589,'vnd.sealed.xls',1);
INSERT INTO e_mime_type (mime_id, mime, category_id) VALUES (590,'vnd.sealedmedia.softseal.html',1);
INSERT INTO e_mime_type (mime_id, mime, category_id) VALUES (591,'vnd.sealedmedia.softseal.pdf',1);
INSERT INTO e_mime_type (mime_id, mime, category_id) VALUES (592,'vnd.seemail',1);
INSERT INTO e_mime_type (mime_id, mime, category_id) VALUES (593,'vnd.sema',1);
INSERT INTO e_mime_type (mime_id, mime, category_id) VALUES (594,'vnd.shana.informed.formdata',1);
INSERT INTO e_mime_type (mime_id, mime, category_id) VALUES (595,'vnd.shana.informed.formtemplate',1);
INSERT INTO e_mime_type (mime_id, mime, category_id) VALUES (596,'vnd.shana.informed.interchange',1);
INSERT INTO e_mime_type (mime_id, mime, category_id) VALUES (597,'vnd.shana.informed.package',1);
INSERT INTO e_mime_type (mime_id, mime, category_id) VALUES (598,'vnd.smaf',1);
INSERT INTO e_mime_type (mime_id, mime, category_id) VALUES (599,'vnd.sss-cod',1);
INSERT INTO e_mime_type (mime_id, mime, category_id) VALUES (600,'vnd.sss-dtf',1);
INSERT INTO e_mime_type (mime_id, mime, category_id) VALUES (601,'vnd.sss-ntf',1);
INSERT INTO e_mime_type (mime_id, mime, category_id) VALUES (602,'vnd.street-stream',1);
INSERT INTO e_mime_type (mime_id, mime, category_id) VALUES (603,'vnd.sus-calendar',1);
INSERT INTO e_mime_type (mime_id, mime, category_id) VALUES (604,'vnd.svd',1);
INSERT INTO e_mime_type (mime_id, mime, category_id) VALUES (605,'vnd.swiftview-ics',1);
INSERT INTO e_mime_type (mime_id, mime, category_id) VALUES (606,'vnd.syncml.ds.notification',1);
INSERT INTO e_mime_type (mime_id, mime, category_id) VALUES (607,'vnd.syncml.+xml',1);
INSERT INTO e_mime_type (mime_id, mime, category_id) VALUES (608,'vnd.triscape.mxs',1);
INSERT INTO e_mime_type (mime_id, mime, category_id) VALUES (609,'vnd.trueapp',1);
INSERT INTO e_mime_type (mime_id, mime, category_id) VALUES (610,'vnd.truedoc',1);
INSERT INTO e_mime_type (mime_id, mime, category_id) VALUES (611,'vnd.ufdl',1);
INSERT INTO e_mime_type (mime_id, mime, category_id) VALUES (612,'vnd.uiq.theme',1);
INSERT INTO e_mime_type (mime_id, mime, category_id) VALUES (613,'vnd.uplanet.alert',1);
INSERT INTO e_mime_type (mime_id, mime, category_id) VALUES (614,'vnd.uplanet.alert-wbxml',1);
INSERT INTO e_mime_type (mime_id, mime, category_id) VALUES (615,'vnd.uplanet.bearer-choice',1);
INSERT INTO e_mime_type (mime_id, mime, category_id) VALUES (616,'vnd.uplanet.bearer-choice-wbxml',1);
INSERT INTO e_mime_type (mime_id, mime, category_id) VALUES (617,'vnd.uplanet.cacheop',1);
INSERT INTO e_mime_type (mime_id, mime, category_id) VALUES (618,'vnd.uplanet.cacheop-wbxml',1);
INSERT INTO e_mime_type (mime_id, mime, category_id) VALUES (619,'vnd.uplanet.channel',1);
INSERT INTO e_mime_type (mime_id, mime, category_id) VALUES (620,'vnd.uplanet.channel-wbxml',1);
INSERT INTO e_mime_type (mime_id, mime, category_id) VALUES (621,'vnd.uplanet.list',1);
INSERT INTO e_mime_type (mime_id, mime, category_id) VALUES (622,'vnd.uplanet.listcmd',1);
INSERT INTO e_mime_type (mime_id, mime, category_id) VALUES (623,'vnd.uplanet.listcmd-wbxml',1);
INSERT INTO e_mime_type (mime_id, mime, category_id) VALUES (624,'vnd.uplanet.list-wbxml',1);
INSERT INTO e_mime_type (mime_id, mime, category_id) VALUES (625,'vnd.uplanet.signal',1);
INSERT INTO e_mime_type (mime_id, mime, category_id) VALUES (626,'vnd.vcx',1);
INSERT INTO e_mime_type (mime_id, mime, category_id) VALUES (627,'vnd.vectorworks',1);
INSERT INTO e_mime_type (mime_id, mime, category_id) VALUES (628,'vnd.vidsoft.vidconference',1);
INSERT INTO e_mime_type (mime_id, mime, category_id) VALUES (629,'vnd.visio',1);
INSERT INTO e_mime_type (mime_id, mime, category_id) VALUES (630,'vnd.visionary',1);
INSERT INTO e_mime_type (mime_id, mime, category_id) VALUES (631,'vnd.vividence.scriptfile',1);
INSERT INTO e_mime_type (mime_id, mime, category_id) VALUES (632,'vnd.vsf',1);
INSERT INTO e_mime_type (mime_id, mime, category_id) VALUES (633,'vnd.wap.sic',1);
INSERT INTO e_mime_type (mime_id, mime, category_id) VALUES (634,'vnd.wap.slc',1);
INSERT INTO e_mime_type (mime_id, mime, category_id) VALUES (635,'vnd.wap.wbxml',1);
INSERT INTO e_mime_type (mime_id, mime, category_id) VALUES (636,'vnd.wap.wmlc',1);
INSERT INTO e_mime_type (mime_id, mime, category_id) VALUES (637,'vnd.wap.wmlscriptc',1);
INSERT INTO e_mime_type (mime_id, mime, category_id) VALUES (638,'vnd.webturbo',1);
INSERT INTO e_mime_type (mime_id, mime, category_id) VALUES (639,'vnd.wordperfect',1);
INSERT INTO e_mime_type (mime_id, mime, category_id) VALUES (640,'vnd.wqd',1);
INSERT INTO e_mime_type (mime_id, mime, category_id) VALUES (641,'vnd.wrq-hp3000-labelled',1);
INSERT INTO e_mime_type (mime_id, mime, category_id) VALUES (642,'vnd.wt.stf',1);
INSERT INTO e_mime_type (mime_id, mime, category_id) VALUES (643,'vnd.wv.csp+xml',1);
INSERT INTO e_mime_type (mime_id, mime, category_id) VALUES (644,'vnd.wv.csp+wbxml',1);
INSERT INTO e_mime_type (mime_id, mime, category_id) VALUES (645,'vnd.wv.ssp+xml',1);
INSERT INTO e_mime_type (mime_id, mime, category_id) VALUES (646,'vnd.xara',1);
INSERT INTO e_mime_type (mime_id, mime, category_id) VALUES (647,'vnd.xfdl',1);
INSERT INTO e_mime_type (mime_id, mime, category_id) VALUES (648,'vnd.yamaha.hv-dic',1);
INSERT INTO e_mime_type (mime_id, mime, category_id) VALUES (649,'vnd.yamaha.hv-script',1);
INSERT INTO e_mime_type (mime_id, mime, category_id) VALUES (650,'vnd.yamaha.hv-voice',1);
INSERT INTO e_mime_type (mime_id, mime, category_id) VALUES (651,'vnd.yamaha.smaf-audio',1);
INSERT INTO e_mime_type (mime_id, mime, category_id) VALUES (652,'vnd.yamaha.smaf-phrase',1);
INSERT INTO e_mime_type (mime_id, mime, category_id) VALUES (653,'vnd.yellowriver-custom-menu',1);
INSERT INTO e_mime_type (mime_id, mime, category_id) VALUES (654,'vnd.zzazz.deck+xml',1);
INSERT INTO e_mime_type (mime_id, mime, category_id) VALUES (655,'voicexml+xml',1);
INSERT INTO e_mime_type (mime_id, mime, category_id) VALUES (656,'watcherinfo+xml',1);
INSERT INTO e_mime_type (mime_id, mime, category_id) VALUES (657,'whoispp-query',1);
INSERT INTO e_mime_type (mime_id, mime, category_id) VALUES (658,'whoispp-response',1);
INSERT INTO e_mime_type (mime_id, mime, category_id) VALUES (659,'wita',1);
INSERT INTO e_mime_type (mime_id, mime, category_id) VALUES (660,'wordperfect5.1',1);
INSERT INTO e_mime_type (mime_id, mime, category_id) VALUES (661,'x400-bp',1);
INSERT INTO e_mime_type (mime_id, mime, category_id) VALUES (662,'xcap-att+xml',1);
INSERT INTO e_mime_type (mime_id, mime, category_id) VALUES (663,'xcap-caps+xml',1);
INSERT INTO e_mime_type (mime_id, mime, category_id) VALUES (664,'xcap-el+xml',1);
INSERT INTO e_mime_type (mime_id, mime, category_id) VALUES (665,'xcap-error+xml',1);
INSERT INTO e_mime_type (mime_id, mime, category_id) VALUES (666,'xhtml-voice+xml (Obsolete)',1);
INSERT INTO e_mime_type (mime_id, mime, category_id) VALUES (667,'xhtml+xml',1);
INSERT INTO e_mime_type (mime_id, mime, category_id) VALUES (669,'xml-dtd',1);
INSERT INTO e_mime_type (mime_id, mime, category_id) VALUES (671,'xmpp+xml',1);
INSERT INTO e_mime_type (mime_id, mime, category_id) VALUES (672,'xop+xml',1);
INSERT INTO e_mime_type (mime_id, mime, category_id) VALUES (673,'xv+xml',1);
INSERT INTO e_mime_type (mime_id, mime, category_id) VALUES (674,'zip',1);

-- Now the one not registered with IANA ...

INSERT INTO e_mime_type (mime_id, mime, category_id) VALUES (675,'envoy',1);
INSERT INTO e_mime_type (mime_id, mime, category_id) VALUES (676,'fractals',1);
INSERT INTO e_mime_type (mime_id, mime, category_id) VALUES (677,'futuresplash',1);
INSERT INTO e_mime_type (mime_id, mime, category_id) VALUES (678,'hta',1);
INSERT INTO e_mime_type (mime_id, mime, category_id) VALUES (679,'internet-property-stream',1);
INSERT INTO e_mime_type (mime_id, mime, category_id) VALUES (680,'olescript',1);
INSERT INTO e_mime_type (mime_id, mime, category_id) VALUES (681,'pics-rules',1);
INSERT INTO e_mime_type (mime_id, mime, category_id) VALUES (682,'vnd.ms-pkicertstore',1);
INSERT INTO e_mime_type (mime_id, mime, category_id) VALUES (683,'vnd.ms-pkiseccat',1);
INSERT INTO e_mime_type (mime_id, mime, category_id) VALUES (684,'vnd.ms-pkistl',1);
INSERT INTO e_mime_type (mime_id, mime, category_id) VALUES (685,'winhlp',1);
INSERT INTO e_mime_type (mime_id, mime, category_id) VALUES (686,'x-bcpio',1);
INSERT INTO e_mime_type (mime_id, mime, category_id) VALUES (687,'x-cdf',1);
INSERT INTO e_mime_type (mime_id, mime, category_id) VALUES (688,'x-compress',1);
INSERT INTO e_mime_type (mime_id, mime, category_id) VALUES (689,'x-compressed',1);
INSERT INTO e_mime_type (mime_id, mime, category_id) VALUES (690,'x-cpio',1);
INSERT INTO e_mime_type (mime_id, mime, category_id) VALUES (691,'x-csh',1);
INSERT INTO e_mime_type (mime_id, mime, category_id) VALUES (692,'x-director',1);
INSERT INTO e_mime_type (mime_id, mime, category_id) VALUES (695,'x-dvi',1);
INSERT INTO e_mime_type (mime_id, mime, category_id) VALUES (696,'x-gtar',1);
INSERT INTO e_mime_type (mime_id, mime, category_id) VALUES (697,'x-gzip',1);
INSERT INTO e_mime_type (mime_id, mime, category_id) VALUES (698,'x-hdf',1);
INSERT INTO e_mime_type (mime_id, mime, category_id) VALUES (699,'x-internet-signup',1);
INSERT INTO e_mime_type (mime_id, mime, category_id) VALUES (701,'x-iphone',1);
INSERT INTO e_mime_type (mime_id, mime, category_id) VALUES (702,'x-javascript',1);
INSERT INTO e_mime_type (mime_id, mime, category_id) VALUES (703,'x-latex',1);
INSERT INTO e_mime_type (mime_id, mime, category_id) VALUES (704,'x-msaccess',1);
INSERT INTO e_mime_type (mime_id, mime, category_id) VALUES (705,'x-mscardfile',1);
INSERT INTO e_mime_type (mime_id, mime, category_id) VALUES (706,'x-msclip',1);
INSERT INTO e_mime_type (mime_id, mime, category_id) VALUES (707,'x-msdownload',1);
INSERT INTO e_mime_type (mime_id, mime, category_id) VALUES (708,'x-msmediaview',1);
INSERT INTO e_mime_type (mime_id, mime, category_id) VALUES (711,'x-msmetafile',1);
INSERT INTO e_mime_type (mime_id, mime, category_id) VALUES (712,'x-msmoney',1);
INSERT INTO e_mime_type (mime_id, mime, category_id) VALUES (713,'x-mspublisher',1);
INSERT INTO e_mime_type (mime_id, mime, category_id) VALUES (714,'x-msschedule',1);
INSERT INTO e_mime_type (mime_id, mime, category_id) VALUES (715,'x-msterminal',1);
INSERT INTO e_mime_type (mime_id, mime, category_id) VALUES (716,'x-mswrite',1);
INSERT INTO e_mime_type (mime_id, mime, category_id) VALUES (717,'x-netcdf',1);
INSERT INTO e_mime_type (mime_id, mime, category_id) VALUES (719,'x-perfmon',1);
INSERT INTO e_mime_type (mime_id, mime, category_id) VALUES (724,'x-pkcs12',1);
INSERT INTO e_mime_type (mime_id, mime, category_id) VALUES (726,'x-pkcs7-certificates',1);
INSERT INTO e_mime_type (mime_id, mime, category_id) VALUES (728,'x-pkcs7-certreqresp',1);
INSERT INTO e_mime_type (mime_id, mime, category_id) VALUES (729,'x-pkcs7-mime',1);
INSERT INTO e_mime_type (mime_id, mime, category_id) VALUES (731,'x-pkcs7-signature',1);
INSERT INTO e_mime_type (mime_id, mime, category_id) VALUES (732,'x-sh',1);
INSERT INTO e_mime_type (mime_id, mime, category_id) VALUES (733,'x-shar',1);
INSERT INTO e_mime_type (mime_id, mime, category_id) VALUES (734,'x-stuffit',1);
INSERT INTO e_mime_type (mime_id, mime, category_id) VALUES (735,'x-sv4cpio',1);
INSERT INTO e_mime_type (mime_id, mime, category_id) VALUES (736,'x-sv4crc',1);
INSERT INTO e_mime_type (mime_id, mime, category_id) VALUES (737,'x-tar',1);
INSERT INTO e_mime_type (mime_id, mime, category_id) VALUES (738,'x-tcl',1);
INSERT INTO e_mime_type (mime_id, mime, category_id) VALUES (739,'x-tex',1);
INSERT INTO e_mime_type (mime_id, mime, category_id) VALUES (740,'x-texinfo',1);
INSERT INTO e_mime_type (mime_id, mime, category_id) VALUES (742,'x-troff',1);
INSERT INTO e_mime_type (mime_id, mime, category_id) VALUES (745,'x-troff-man',1);
INSERT INTO e_mime_type (mime_id, mime, category_id) VALUES (746,'x-troff-me',1);
INSERT INTO e_mime_type (mime_id, mime, category_id) VALUES (747,'x-troff-ms',1);
INSERT INTO e_mime_type (mime_id, mime, category_id) VALUES (748,'x-ustar',1);
INSERT INTO e_mime_type (mime_id, mime, category_id) VALUES (749,'x-wais-source',1);
INSERT INTO e_mime_type (mime_id, mime, category_id) VALUES (750,'x-x509-ca-cert',1);
INSERT INTO e_mime_type (mime_id, mime, category_id) VALUES (753,'ynd.ms-pkipko',1);
INSERT INTO e_mime_type (mime_id, mime, category_id) VALUES (754,'mid',3);
INSERT INTO e_mime_type (mime_id, mime, category_id) VALUES (756,'x-aiff',3);
INSERT INTO e_mime_type (mime_id, mime, category_id) VALUES (759,'x-mpegurl',3);
INSERT INTO e_mime_type (mime_id, mime, category_id) VALUES (760,'x-pn-realaudio',3);
INSERT INTO e_mime_type (mime_id, mime, category_id) VALUES (762,'x-wav',3);
INSERT INTO e_mime_type (mime_id, mime, category_id) VALUES (763,'bmp',4);
INSERT INTO e_mime_type (mime_id, mime, category_id) VALUES (764,'cis-cod',4);
INSERT INTO e_mime_type (mime_id, mime, category_id) VALUES (765,'pipeg',4);
INSERT INTO e_mime_type (mime_id, mime, category_id) VALUES (766,'x-cmu-raster',4);
INSERT INTO e_mime_type (mime_id, mime, category_id) VALUES (767,'x-cmx',4);
INSERT INTO e_mime_type (mime_id, mime, category_id) VALUES (768,'x-icon',4);
INSERT INTO e_mime_type (mime_id, mime, category_id) VALUES (769,'x-portable-anymap',4);
INSERT INTO e_mime_type (mime_id, mime, category_id) VALUES (770,'x-portable-bitmap',4);
INSERT INTO e_mime_type (mime_id, mime, category_id) VALUES (771,'x-portable-graymap',4);
INSERT INTO e_mime_type (mime_id, mime, category_id) VALUES (772,'x-portable-pixmap',4);
INSERT INTO e_mime_type (mime_id, mime, category_id) VALUES (773,'x-rgb',4);
INSERT INTO e_mime_type (mime_id, mime, category_id) VALUES (774,'x-xbitmap',4);
INSERT INTO e_mime_type (mime_id, mime, category_id) VALUES (775,'x-xpixmap',4);
INSERT INTO e_mime_type (mime_id, mime, category_id) VALUES (776,'x-xwindowdump',4);
INSERT INTO e_mime_type (mime_id, mime, category_id) VALUES (777,'h323',8);
INSERT INTO e_mime_type (mime_id, mime, category_id) VALUES (778,'iuls',8);
INSERT INTO e_mime_type (mime_id, mime, category_id) VALUES (779,'scriptlet',8);
INSERT INTO e_mime_type (mime_id, mime, category_id) VALUES (780,'webviewhtml',8);
INSERT INTO e_mime_type (mime_id, mime, category_id) VALUES (781,'x-component',8);
INSERT INTO e_mime_type (mime_id, mime, category_id) VALUES (782,'x-setext',8);
INSERT INTO e_mime_type (mime_id, mime, category_id) VALUES (783,'x-vcard',8);
INSERT INTO e_mime_type (mime_id, mime, category_id) VALUES (784,'x-la-asf',2);
INSERT INTO e_mime_type (mime_id, mime, category_id) VALUES (786,'x-ms-asf',2);
INSERT INTO e_mime_type (mime_id, mime, category_id) VALUES (789,'x-msvideo',2);
INSERT INTO e_mime_type (mime_id, mime, category_id) VALUES (790,'x-sgi-movie',2);
INSERT INTO e_mime_type (mime_id, mime, category_id) VALUES (791,'x-vrml',9);
INSERT INTO e_mime_type (mime_id, mime, category_id) VAlUES (792, 'acad', 1);
INSERT INTO e_mime_type (mime_id, mime, category_id) VAlUES (793, 'dxf', 1);
INSERT INTO e_mime_type (mime_id, mime, category_id) VAlUES (794, 'x-fli', 2); 
INSERT INTO e_mime_type (mime_id, mime, category_id) VAlUES (795, 'jxw', 1);
INSERT INTO e_mime_type (mime_id, mime, category_id) VAlUES (796, 'x-midi', 3);
INSERT INTO e_mime_type (mime_id, mime, category_id) VAlUES (797, 'rar', 1);
INSERT INTO e_mime_type (mime_id, mime, category_id) VAlUES (798, 'vbscript', 8);
INSERT INTO e_mime_type (mime_id, mime, category_id) VAlUES (799, 'x-wildtangent-web-driver', 1);
INSERT INTO e_mime_type (mime_id, mime, category_id) VAlUES (800, 'javascript', 8);
INSERT INTO e_mime_type (mime_id, mime, category_id) VAlUES (801, 'x-shockwave-flash', 1);
INSERT INTO e_mime_type (mime_id, mime, category_id) VAlUES (802, 'xml', 1);
INSERT INTO e_mime_type (mime_id, mime, category_id) VAlUES (803, 'x-zip-compressed', 1);
INSERT INTO e_mime_type (mime_id, mime, category_id) VAlUES (804, 'x-perl', 8);
INSERT INTO e_mime_type (mime_id, mime, category_id) VAlUES (805, 'x-perl', 1);
INSERT INTO e_mime_type (mime_id, mime, category_id) VAlUES (806, 'pjpeg', 4);
INSERT INTO e_mime_type (mime_id, mime, category_id) VAlUES (807, 'jpg', 4);
INSERT INTO e_mime_type (mime_id, mime, category_id) VAlUES (808, 'x-ms-wmv', 2);
INSERT INTO e_mime_type (mime_id, mime, category_id) VAlUES (809, 'rdf', 8);
INSERT INTO e_mime_type (mime_id, mime, category_id) VAlUES (810, 'x-java-archive', 1);
INSERT INTO e_mime_type (mime_id, mime, category_id) VAlUES (811, 'x-mpeg', 3);

INSERT INTO e_mime_type (mime_id, mime, category_id) VAlUES (812, 'magnus-internal', 1);
INSERT INTO e_mime_type (mime_id, mime, category_id) VAlUES (813, 'dynamo-internal', 1);
INSERT INTO e_mime_type (mime_id, mime, category_id) VAlUES (814, 'icecast2', 3);
INSERT INTO e_mime_type (mime_id, mime, category_id) VAlUES (815, 'binary', 1);

--
-- File extension to mime types ... 
--
CREATE TABLE e_file_type (
		filetype	text NOT NULL,
		mime_id		int  REFERENCES e_mime_type 
,		PRIMARY KEY (filetype)
);

INSERT INTO e_file_type VALUES ('jpe',13);
INSERT INTO e_file_type VALUES ('jpeg',13);
INSERT INTO e_file_type VALUES ('jpg',13);
INSERT INTO e_file_type VALUES ('mp3',21);
INSERT INTO e_file_type VALUES ('mpeg',21);
INSERT INTO e_file_type VALUES ('mpg',21);
INSERT INTO e_file_type VALUES ('mov',26);
INSERT INTO e_file_type VALUES ('qt',26);
INSERT INTO e_file_type VALUES ('css',43);
INSERT INTO e_file_type VALUES ('htm',49);
INSERT INTO e_file_type VALUES ('html',49);
INSERT INTO e_file_type VALUES ('stm',49);
INSERT INTO e_file_type VALUES ('c',52);
INSERT INTO e_file_type VALUES ('h',52);
INSERT INTO e_file_type VALUES ('txt',52);
INSERT INTO e_file_type VALUES ('rtx',57);
INSERT INTO e_file_type VALUES ('rtf',58);
INSERT INTO e_file_type VALUES ('tsv',62);
INSERT INTO e_file_type VALUES ('mht',118);
INSERT INTO e_file_type VALUES ('mhtml',118);
INSERT INTO e_file_type VALUES ('nws',118);
INSERT INTO e_file_type VALUES ('gif',126);
INSERT INTO e_file_type VALUES ('ief',127);
INSERT INTO e_file_type VALUES ('tif',137);
INSERT INTO e_file_type VALUES ('tiff',137);
INSERT INTO e_file_type VALUES ('au',167);
INSERT INTO e_file_type VALUES ('snd',167);
INSERT INTO e_file_type VALUES ('hqx',288);
INSERT INTO e_file_type VALUES ('doc',298);
INSERT INTO e_file_type VALUES ('dot',298);
INSERT INTO e_file_type VALUES ('bin',304);
INSERT INTO e_file_type VALUES ('class',304);
INSERT INTO e_file_type VALUES ('exe',304);
INSERT INTO e_file_type VALUES ('oda',305);
INSERT INTO e_file_type VALUES ('pdf',308);
INSERT INTO e_file_type VALUES ('p10',313);
INSERT INTO e_file_type VALUES ('crl',318);
INSERT INTO e_file_type VALUES ('ai',322);
INSERT INTO e_file_type VALUES ('eps',322);
INSERT INTO e_file_type VALUES ('ps',322);
INSERT INTO e_file_type VALUES ('setpay',342);
INSERT INTO e_file_type VALUES ('setreg',344);
INSERT INTO e_file_type VALUES ('xls',529);
INSERT INTO e_file_type VALUES ('xlt',529);
INSERT INTO e_file_type VALUES ('pot',534);
INSERT INTO e_file_type VALUES ('pps',534);
INSERT INTO e_file_type VALUES ('ppt',534);
INSERT INTO e_file_type VALUES ('mpp',535);
INSERT INTO e_file_type VALUES ('wdb',537);
INSERT INTO e_file_type VALUES ('wks',537);
INSERT INTO e_file_type VALUES ('wps',537);
INSERT INTO e_file_type VALUES ('evy',675);
INSERT INTO e_file_type VALUES ('fif',676);
INSERT INTO e_file_type VALUES ('spl',677);
INSERT INTO e_file_type VALUES ('hta',678);
INSERT INTO e_file_type VALUES ('acx',679);
INSERT INTO e_file_type VALUES ('axs',680);
INSERT INTO e_file_type VALUES ('prf',681);
INSERT INTO e_file_type VALUES ('sst',682);
INSERT INTO e_file_type VALUES ('cat',683);
INSERT INTO e_file_type VALUES ('stl',684);
INSERT INTO e_file_type VALUES ('mid',754);
INSERT INTO e_file_type VALUES ('rmi',754);
INSERT INTO e_file_type VALUES ('bmp',763);
INSERT INTO e_file_type VALUES ('cod',764);
INSERT INTO e_file_type VALUES ('jfif',765);
INSERT INTO e_file_type VALUES ('323',777);
INSERT INTO e_file_type VALUES ('uls',778);
INSERT INTO e_file_type VALUES ('sct',779);
INSERT INTO e_file_type VALUES ('htt',780);
INSERT INTO e_file_type VALUES ('zip',674);
INSERT INTO e_file_type VALUES ('hlp',685);
INSERT INTO e_file_type VALUES ('bcpio',686);
INSERT INTO e_file_type VALUES ('cdf',687);
INSERT INTO e_file_type VALUES ('z',688);
INSERT INTO e_file_type VALUES ('tgz',689);
INSERT INTO e_file_type VALUES ('cpio',690);
INSERT INTO e_file_type VALUES ('csh',691);
INSERT INTO e_file_type VALUES ('dcr',692);
INSERT INTO e_file_type VALUES ('dir',692);
INSERT INTO e_file_type VALUES ('dxr',692);
INSERT INTO e_file_type VALUES ('dvi',695);
INSERT INTO e_file_type VALUES ('gtar',696);
INSERT INTO e_file_type VALUES ('gz',697);
INSERT INTO e_file_type VALUES ('hdf',698);
INSERT INTO e_file_type VALUES ('ins',699);
INSERT INTO e_file_type VALUES ('isp',699);
INSERT INTO e_file_type VALUES ('iii',701);
INSERT INTO e_file_type VALUES ('js',702);
INSERT INTO e_file_type VALUES ('latex',703);
INSERT INTO e_file_type VALUES ('mdb',704);
INSERT INTO e_file_type VALUES ('crd',705);
INSERT INTO e_file_type VALUES ('clp',706);
INSERT INTO e_file_type VALUES ('dll',707);
INSERT INTO e_file_type VALUES ('m13',708);
INSERT INTO e_file_type VALUES ('m14',708);
INSERT INTO e_file_type VALUES ('mvb',708);
INSERT INTO e_file_type VALUES ('wmf',711);
INSERT INTO e_file_type VALUES ('mny',712);
INSERT INTO e_file_type VALUES ('pub',713);
INSERT INTO e_file_type VALUES ('scd',714);
INSERT INTO e_file_type VALUES ('trm',715);
INSERT INTO e_file_type VALUES ('wri',716);
INSERT INTO e_file_type VALUES ('nc',717);
INSERT INTO e_file_type VALUES ('p12',724);
INSERT INTO e_file_type VALUES ('pfx',724);
INSERT INTO e_file_type VALUES ('p7b',726);
INSERT INTO e_file_type VALUES ('spc',726);
INSERT INTO e_file_type VALUES ('p7r',728);
INSERT INTO e_file_type VALUES ('p7c',729);
INSERT INTO e_file_type VALUES ('p7m',729);
INSERT INTO e_file_type VALUES ('p7s',731);
INSERT INTO e_file_type VALUES ('sh',732);
INSERT INTO e_file_type VALUES ('shar',733);
INSERT INTO e_file_type VALUES ('sit',734);
INSERT INTO e_file_type VALUES ('sv4cpio',735);
INSERT INTO e_file_type VALUES ('sv4crc',736);
INSERT INTO e_file_type VALUES ('tar',737);
INSERT INTO e_file_type VALUES ('tcl',738);
INSERT INTO e_file_type VALUES ('tex',739);
INSERT INTO e_file_type VALUES ('texi',740);
INSERT INTO e_file_type VALUES ('texinfo',740);
INSERT INTO e_file_type VALUES ('roff',742);
INSERT INTO e_file_type VALUES ('t',742);
INSERT INTO e_file_type VALUES ('tr',742);
INSERT INTO e_file_type VALUES ('man',745);
INSERT INTO e_file_type VALUES ('me',746);
INSERT INTO e_file_type VALUES ('ms',747);
INSERT INTO e_file_type VALUES ('ustar',748);
INSERT INTO e_file_type VALUES ('src',749);
INSERT INTO e_file_type VALUES ('cer',750);
INSERT INTO e_file_type VALUES ('crt',750);
INSERT INTO e_file_type VALUES ('der',750);
INSERT INTO e_file_type VALUES ('pko',753);
INSERT INTO e_file_type VALUES ('aif',756);
INSERT INTO e_file_type VALUES ('aifc',756);
INSERT INTO e_file_type VALUES ('aiff',756);
INSERT INTO e_file_type VALUES ('m3u',759);
INSERT INTO e_file_type VALUES ('ra',760);
INSERT INTO e_file_type VALUES ('ram',760);
INSERT INTO e_file_type VALUES ('wav',762);
INSERT INTO e_file_type VALUES ('ras',766);
INSERT INTO e_file_type VALUES ('cmx',767);
INSERT INTO e_file_type VALUES ('ico',768);
INSERT INTO e_file_type VALUES ('pnm',769);
INSERT INTO e_file_type VALUES ('pbm',770);
INSERT INTO e_file_type VALUES ('pgm',771);
INSERT INTO e_file_type VALUES ('ppm',772);
INSERT INTO e_file_type VALUES ('rgb',773);
INSERT INTO e_file_type VALUES ('xbm',774);
INSERT INTO e_file_type VALUES ('xpm',775);
INSERT INTO e_file_type VALUES ('xwd',776);
INSERT INTO e_file_type VALUES ('htc',781);
INSERT INTO e_file_type VALUES ('etx',782);
INSERT INTO e_file_type VALUES ('vcf',783);
INSERT INTO e_file_type VALUES ('lsf',784);
INSERT INTO e_file_type VALUES ('lsx',784);
INSERT INTO e_file_type VALUES ('asf',786);
INSERT INTO e_file_type VALUES ('asr',786);
INSERT INTO e_file_type VALUES ('asx',786);
INSERT INTO e_file_type VALUES ('avi',789);
INSERT INTO e_file_type VALUES ('movie',790);
INSERT INTO e_file_type VALUES ('vrml',791);
INSERT INTO e_file_type VALUES ('png',133);



--
-- Correspondance between external mime types (not standardized) and 'real' mime types
--
CREATE TABLE e_external_type(
	type_name	text	NOT NULL,
	mime_type_id	int	NOT NULL
);

--mailsweeper types
INSERT INTO e_external_type (type_name, mime_type_id) VALUES ('1-2-3', 491);
INSERT INTO e_external_type (type_name, mime_type_id) VALUES ('Advanced Systems Format', 786);
INSERT INTO e_external_type (type_name, mime_type_id) VALUES ('Apple Double Resource Fork', 87);
INSERT INTO e_external_type (type_name, mime_type_id) VALUES ('Apple Single', 243);
INSERT INTO e_external_type (type_name, mime_type_id) VALUES ('ARJ', 674);
INSERT INTO e_external_type (type_name, mime_type_id) VALUES ('Audio File', 762);   --it's wav
INSERT INTO e_external_type (type_name, mime_type_id) VALUES ('Audio Interchange File', 756);
INSERT INTO e_external_type (type_name, mime_type_id) VALUES ('AVI', 789);
INSERT INTO e_external_type (type_name, mime_type_id) VALUES ('Binary', 304);
INSERT INTO e_external_type (type_name, mime_type_id) VALUES ('BINHEX', 304);
INSERT INTO e_external_type (type_name, mime_type_id) VALUES ('BMP', 763);
INSERT INTO e_external_type (type_name, mime_type_id) VALUES ('BZIP', 674);	--zip
INSERT INTO e_external_type (type_name, mime_type_id) VALUES ('CAB', 527);
INSERT INTO e_external_type (type_name, mime_type_id) VALUES ('CDA', 397);	--Compound Document Architecture file (CDA) 
INSERT INTO e_external_type (type_name, mime_type_id) VALUES ('CMP', 317);	--unix compressed file
INSERT INTO e_external_type (type_name, mime_type_id) VALUES ('Creative Voice', 762);	--not really a wave, but ..
INSERT INTO e_external_type (type_name, mime_type_id) VALUES ('DosExe', 304);		
INSERT INTO e_external_type (type_name, mime_type_id) VALUES ('DWG', 792);	--autocad
INSERT INTO e_external_type (type_name, mime_type_id) VALUES ('DXF', 793);
INSERT INTO e_external_type (type_name, mime_type_id) VALUES ('Executable and Linkable Format (ELF)', 304);
INSERT INTO e_external_type (type_name, mime_type_id) VALUES ('Fax', 9999);	
INSERT INTO e_external_type (type_name, mime_type_id) VALUES ('FLI', 794);
INSERT INTO e_external_type (type_name, mime_type_id) VALUES ('GIF', 126);
INSERT INTO e_external_type (type_name, mime_type_id) VALUES ('GZP', 697);
INSERT INTO e_external_type (type_name, mime_type_id) VALUES ('HTML', 49);
INSERT INTO e_external_type (type_name, mime_type_id) VALUES ('HTML with Script', 49);
INSERT INTO e_external_type (type_name, mime_type_id) VALUES ('Ichitaro', 795);
INSERT INTO e_external_type (type_name, mime_type_id) VALUES ('JavaByte', 304);
INSERT INTO e_external_type (type_name, mime_type_id) VALUES ('Javascript', 702);
INSERT INTO e_external_type (type_name, mime_type_id) VALUES ('JavascriptEncoded', 702);
INSERT INTO e_external_type (type_name, mime_type_id) VALUES ('JPEG', 129);
INSERT INTO e_external_type (type_name, mime_type_id) VALUES ('LZH', 304);
INSERT INTO e_external_type (type_name, mime_type_id) VALUES ('Macromedia Flash (SWF)', 39);
INSERT INTO e_external_type (type_name, mime_type_id) VALUES ('Message', 585);
INSERT INTO e_external_type (type_name, mime_type_id) VALUES ('Microsoft Compress', 527);	--cab?
INSERT INTO e_external_type (type_name, mime_type_id) VALUES ('MIDI', 796);
INSERT INTO e_external_type (type_name, mime_type_id) VALUES ('MP3', 21);
INSERT INTO e_external_type (type_name, mime_type_id) VALUES ('MPEG', 21);
INSERT INTO e_external_type (type_name, mime_type_id) VALUES ('MS Excel', 529);
INSERT INTO e_external_type (type_name, mime_type_id) VALUES ('MS Outlook', 388);
INSERT INTO e_external_type (type_name, mime_type_id) VALUES ('MS PowerPoint', 534);
INSERT INTO e_external_type (type_name, mime_type_id) VALUES ('MS Project', 535);
INSERT INTO e_external_type (type_name, mime_type_id) VALUES ('MS Word', 298);
INSERT INTO e_external_type (type_name, mime_type_id) VALUES ('OLE Object', 680);
INSERT INTO e_external_type (type_name, mime_type_id) VALUES ('OLE Package', 680);
INSERT INTO e_external_type (type_name, mime_type_id) VALUES ('Pattern Matched', 9999);
INSERT INTO e_external_type (type_name, mime_type_id) VALUES ('PBM', 770);
INSERT INTO e_external_type (type_name, mime_type_id) VALUES ('PCX', 763);
INSERT INTO e_external_type (type_name, mime_type_id) VALUES ('PDF', 308);
INSERT INTO e_external_type (type_name, mime_type_id) VALUES ('PEM Message', 9999);
INSERT INTO e_external_type (type_name, mime_type_id) VALUES ('PGP Message', 309);
INSERT INTO e_external_type (type_name, mime_type_id) VALUES ('PNG', 133);
INSERT INTO e_external_type (type_name, mime_type_id) VALUES ('Possible InstallShield', 304);
INSERT INTO e_external_type (type_name, mime_type_id) VALUES ('PPM', 763);
INSERT INTO e_external_type (type_name, mime_type_id) VALUES ('Pretty Good Privacy (PGP)', 309);
INSERT INTO e_external_type (type_name, mime_type_id) VALUES ('Privacy Enhanced Mail (PEM)', 9999);
INSERT INTO e_external_type (type_name, mime_type_id) VALUES ('PSP', 763);
INSERT INTO e_external_type (type_name, mime_type_id) VALUES ('Quick Time', 26);
INSERT INTO e_external_type (type_name, mime_type_id) VALUES ('RAR', 797);
INSERT INTO e_external_type (type_name, mime_type_id) VALUES ('Real Audio', 760);
INSERT INTO e_external_type (type_name, mime_type_id) VALUES ('Real Movie', 760);
INSERT INTO e_external_type (type_name, mime_type_id) VALUES ('Rich Text Format', 58);
INSERT INTO e_external_type (type_name, mime_type_id) VALUES ('RPM', 674);
INSERT INTO e_external_type (type_name, mime_type_id) VALUES ('RTF encoded HTML', 58);
INSERT INTO e_external_type (type_name, mime_type_id) VALUES ('SMTP', 52);		--forwarded email (?)
INSERT INTO e_external_type (type_name, mime_type_id) VALUES ('TAR', 696);
INSERT INTO e_external_type (type_name, mime_type_id) VALUES ('Text', 52);
INSERT INTO e_external_type (type_name, mime_type_id) VALUES ('TIFF', 137);
INSERT INTO e_external_type (type_name, mime_type_id) VALUES ('TNEF', 536);
INSERT INTO e_external_type (type_name, mime_type_id) VALUES ('Unknown Script', 779);
INSERT INTO e_external_type (type_name, mime_type_id) VALUES ('UUE', 674);
INSERT INTO e_external_type (type_name, mime_type_id) VALUES ('VBScript', 798);
INSERT INTO e_external_type (type_name, mime_type_id) VALUES ('WAV', 762);
INSERT INTO e_external_type (type_name, mime_type_id) VALUES ('Win31Exe', 304);
INSERT INTO e_external_type (type_name, mime_type_id) VALUES ('Win32Dll', 304);
INSERT INTO e_external_type (type_name, mime_type_id) VALUES ('Win32Exe', 304);
INSERT INTO e_external_type (type_name, mime_type_id) VALUES ('Win32Unknown', 304);
INSERT INTO e_external_type (type_name, mime_type_id) VALUES ('Windows Installer', 304);
INSERT INTO e_external_type (type_name, mime_type_id) VALUES ('WMF', 711);
INSERT INTO e_external_type (type_name, mime_type_id) VALUES ('WPG', 799);
INSERT INTO e_external_type (type_name, mime_type_id) VALUES ('XML', 64);
INSERT INTO e_external_type (type_name, mime_type_id) VALUES ('ZIP', 674);


--
-- Correspondance between products and mime types
--
CREATE TABLE e_mime_products(
	e_mime_type_id	int NOT NULL,
	e_product_id	int NOT NULL,
	PRIMARY KEY (e_mime_type_id, e_product_id)
);
